Type,Model,GPU,Run,Metric,Value,Source
API,llama-3.1-8b-instant,N/A,1,CO2eq,0.0,llama_api
API,llama-3.1-8b-instant,N/A,2,CO2eq,0.0,llama_api
API,llama-3.1-8b-instant,N/A,3,CO2eq,0.0,llama_api
API,llama-3.1-8b-instant,N/A,4,CO2eq,0.0,llama_api
API,llama-3.1-8b-instant,N/A,5,CO2eq,0.0,llama_api
API,llama-3.1-8b-instant,N/A,6,CO2eq,0.0,llama_api
API,llama-3.1-8b-instant,N/A,7,CO2eq,0.0,llama_api
API,llama-3.1-8b-instant,N/A,8,CO2eq,0.0,llama_api
API,llama-3.1-8b-instant,N/A,9,CO2eq,0.0,llama_api
API,llama-3.1-8b-instant,N/A,10,CO2eq,0.0,llama_api
API,llama-3.1-8b-instant,N/A,11,CO2eq,0.0,llama_api
API,llama-3.1-8b-instant,N/A,12,CO2eq,0.0,llama_api
API,llama-3.1-8b-instant,N/A,13,CO2eq,0.0,llama_api
API,llama-3.1-8b-instant,N/A,14,CO2eq,0.0,llama_api
API,llama-3.1-8b-instant,N/A,15,CO2eq,0.0,llama_api
API,llama-3.1-8b-instant,N/A,16,CO2eq,0.0,llama_api
API,llama-3.1-8b-instant,N/A,17,CO2eq,0.0,llama_api
API,llama-3.1-8b-instant,N/A,18,CO2eq,0.0,llama_api
API,llama-3.1-8b-instant,N/A,19,CO2eq,0.0,llama_api
API,llama-3.1-8b-instant,N/A,20,CO2eq,0.0,llama_api
API,llama-3.1-8b-instant,N/A,21,CO2eq,0.0,llama_api
API,llama-3.1-8b-instant,N/A,22,CO2eq,0.0,llama_api
API,llama-3.1-8b-instant,N/A,23,CO2eq,0.0,llama_api
API,llama-3.1-8b-instant,N/A,24,CO2eq,0.0,llama_api
API,llama-3.1-8b-instant,N/A,25,CO2eq,0.0,llama_api
API,llama-3.1-8b-instant,N/A,26,CO2eq,0.0,llama_api
API,llama-3.1-8b-instant,N/A,27,CO2eq,0.0,llama_api
API,llama-3.1-8b-instant,N/A,28,CO2eq,0.0,llama_api
API,llama-3.1-8b-instant,N/A,29,CO2eq,0.0,llama_api
API,llama-3.1-8b-instant,N/A,30,CO2eq,0.0,llama_api
API,llama-3.1-8b-instant,N/A,1,Distance,0.0,llama_api
API,llama-3.1-8b-instant,N/A,2,Distance,0.0,llama_api
API,llama-3.1-8b-instant,N/A,3,Distance,0.0,llama_api
API,llama-3.1-8b-instant,N/A,4,Distance,0.0,llama_api
API,llama-3.1-8b-instant,N/A,5,Distance,0.0,llama_api
API,llama-3.1-8b-instant,N/A,6,Distance,0.0,llama_api
API,llama-3.1-8b-instant,N/A,7,Distance,0.0,llama_api
API,llama-3.1-8b-instant,N/A,8,Distance,0.0,llama_api
API,llama-3.1-8b-instant,N/A,9,Distance,0.0,llama_api
API,llama-3.1-8b-instant,N/A,10,Distance,0.0,llama_api
API,llama-3.1-8b-instant,N/A,11,Distance,0.0,llama_api
API,llama-3.1-8b-instant,N/A,12,Distance,0.0,llama_api
API,llama-3.1-8b-instant,N/A,13,Distance,0.0,llama_api
API,llama-3.1-8b-instant,N/A,14,Distance,0.0,llama_api
API,llama-3.1-8b-instant,N/A,15,Distance,0.0,llama_api
API,llama-3.1-8b-instant,N/A,16,Distance,0.0,llama_api
API,llama-3.1-8b-instant,N/A,17,Distance,0.0,llama_api
API,llama-3.1-8b-instant,N/A,18,Distance,0.0,llama_api
API,llama-3.1-8b-instant,N/A,19,Distance,0.0,llama_api
API,llama-3.1-8b-instant,N/A,20,Distance,0.0,llama_api
API,llama-3.1-8b-instant,N/A,21,Distance,0.0,llama_api
API,llama-3.1-8b-instant,N/A,22,Distance,0.0,llama_api
API,llama-3.1-8b-instant,N/A,23,Distance,0.0,llama_api
API,llama-3.1-8b-instant,N/A,24,Distance,0.0,llama_api
API,llama-3.1-8b-instant,N/A,25,Distance,0.0,llama_api
API,llama-3.1-8b-instant,N/A,26,Distance,0.0,llama_api
API,llama-3.1-8b-instant,N/A,27,Distance,0.0,llama_api
API,llama-3.1-8b-instant,N/A,28,Distance,0.0,llama_api
API,llama-3.1-8b-instant,N/A,29,Distance,0.0,llama_api
API,llama-3.1-8b-instant,N/A,30,Distance,0.0,llama_api
API,llama-3.1-8b-instant,N/A,1,Energy,0.0,llama_api
API,llama-3.1-8b-instant,N/A,2,Energy,0.0,llama_api
API,llama-3.1-8b-instant,N/A,3,Energy,0.0,llama_api
API,llama-3.1-8b-instant,N/A,4,Energy,0.0,llama_api
API,llama-3.1-8b-instant,N/A,5,Energy,0.0,llama_api
API,llama-3.1-8b-instant,N/A,6,Energy,0.0,llama_api
API,llama-3.1-8b-instant,N/A,7,Energy,0.0,llama_api
API,llama-3.1-8b-instant,N/A,8,Energy,0.0,llama_api
API,llama-3.1-8b-instant,N/A,9,Energy,0.0,llama_api
API,llama-3.1-8b-instant,N/A,10,Energy,0.0,llama_api
API,llama-3.1-8b-instant,N/A,11,Energy,0.0,llama_api
API,llama-3.1-8b-instant,N/A,12,Energy,0.0,llama_api
API,llama-3.1-8b-instant,N/A,13,Energy,0.0,llama_api
API,llama-3.1-8b-instant,N/A,14,Energy,0.0,llama_api
API,llama-3.1-8b-instant,N/A,15,Energy,0.0,llama_api
API,llama-3.1-8b-instant,N/A,16,Energy,0.0,llama_api
API,llama-3.1-8b-instant,N/A,17,Energy,0.0,llama_api
API,llama-3.1-8b-instant,N/A,18,Energy,0.0,llama_api
API,llama-3.1-8b-instant,N/A,19,Energy,0.0,llama_api
API,llama-3.1-8b-instant,N/A,20,Energy,0.0,llama_api
API,llama-3.1-8b-instant,N/A,21,Energy,0.0,llama_api
API,llama-3.1-8b-instant,N/A,22,Energy,0.0,llama_api
API,llama-3.1-8b-instant,N/A,23,Energy,0.0,llama_api
API,llama-3.1-8b-instant,N/A,24,Energy,0.0,llama_api
API,llama-3.1-8b-instant,N/A,25,Energy,0.0,llama_api
API,llama-3.1-8b-instant,N/A,26,Energy,0.0,llama_api
API,llama-3.1-8b-instant,N/A,27,Energy,0.0,llama_api
API,llama-3.1-8b-instant,N/A,28,Energy,0.0,llama_api
API,llama-3.1-8b-instant,N/A,29,Energy,0.0,llama_api
API,llama-3.1-8b-instant,N/A,30,Energy,0.0,llama_api
API,llama-3.1-8b-instant,N/A,1,Time,00:05:46,llama_api
API,llama-3.1-8b-instant,N/A,2,Time,00:05:47,llama_api
API,llama-3.1-8b-instant,N/A,3,Time,00:05:42,llama_api
API,llama-3.1-8b-instant,N/A,4,Time,00:05:58,llama_api
API,llama-3.1-8b-instant,N/A,5,Time,00:05:38,llama_api
API,llama-3.1-8b-instant,N/A,6,Time,00:40:50,llama_api
API,llama-3.1-8b-instant,N/A,7,Time,00:44:45,llama_api
API,llama-3.1-8b-instant,N/A,8,Time,00:46:33,llama_api
API,llama-3.1-8b-instant,N/A,9,Time,00:43:48,llama_api
API,llama-3.1-8b-instant,N/A,10,Time,00:40:39,llama_api
API,llama-3.1-8b-instant,N/A,11,Time,00:07:47,llama_api
API,llama-3.1-8b-instant,N/A,12,Time,00:07:01,llama_api
API,llama-3.1-8b-instant,N/A,13,Time,00:05:43,llama_api
API,llama-3.1-8b-instant,N/A,14,Time,00:09:16,llama_api
API,llama-3.1-8b-instant,N/A,15,Time,00:35:37,llama_api
API,llama-3.1-8b-instant,N/A,16,Time,00:35:38,llama_api
API,llama-3.1-8b-instant,N/A,17,Time,00:35:44,llama_api
API,llama-3.1-8b-instant,N/A,18,Time,00:35:41,llama_api
API,llama-3.1-8b-instant,N/A,19,Time,00:35:31,llama_api
API,llama-3.1-8b-instant,N/A,20,Time,00:35:30,llama_api
API,llama-3.1-8b-instant,N/A,21,Time,00:05:47,llama_api
API,llama-3.1-8b-instant,N/A,22,Time,00:05:41,llama_api
API,llama-3.1-8b-instant,N/A,23,Time,00:20:15,llama_api
API,llama-3.1-8b-instant,N/A,24,Time,00:32:16,llama_api
API,llama-3.1-8b-instant,N/A,25,Time,00:33:21,llama_api
API,llama-3.1-8b-instant,N/A,26,Time,00:33:15,llama_api
API,llama-3.1-8b-instant,N/A,27,Time,00:31:48,llama_api
API,llama-3.1-8b-instant,N/A,28,Time,00:42:13,llama_api
API,llama-3.1-8b-instant,N/A,29,Time,00:39:28,llama_api
API,llama-3.1-8b-instant,N/A,30,Time,00:33:27,llama_api
Local,Llama-3.1-8B,H100,1,CO2eq,172.813231,local_llama
Local,Llama-3.1-8B,H100,2,CO2eq,173.945167,local_llama
Local,Llama-3.1-8B,H100,3,CO2eq,195.244559,local_llama
Local,Llama-3.1-8B,H100,4,CO2eq,203.469731,local_llama
Local,Llama-3.1-8B,H100,5,CO2eq,184.027016,local_llama
Local,Llama-3.1-8B,H100,6,CO2eq,195.334424,local_llama
Local,Llama-3.1-8B,H100,7,CO2eq,211.311521,local_llama
Local,Llama-3.1-8B,H100,8,CO2eq,174.105113,local_llama
Local,Llama-3.1-8B,H100,9,CO2eq,173.159998,local_llama
Local,Llama-3.1-8B,H100,10,CO2eq,254.611602,local_llama
Local,Llama-3.1-8B,H100,1,Distance,1.607565,local_llama
Local,Llama-3.1-8B,H100,2,Distance,1.618095,local_llama
Local,Llama-3.1-8B,H100,3,Distance,1.816228,local_llama
Local,Llama-3.1-8B,H100,4,Distance,1.892742,local_llama
Local,Llama-3.1-8B,H100,5,Distance,1.711879,local_llama
Local,Llama-3.1-8B,H100,6,Distance,1.817064,local_llama
Local,Llama-3.1-8B,H100,7,Distance,1.965689,local_llama
Local,Llama-3.1-8B,H100,8,Distance,1.619582,local_llama
Local,Llama-3.1-8B,H100,9,Distance,1.610791,local_llama
Local,Llama-3.1-8B,H100,10,Distance,2.36848,local_llama
Local,Llama-3.1-8B,H100,1,Energy,0.453637,local_llama
Local,Llama-3.1-8B,H100,2,Energy,0.456608,local_llama
Local,Llama-3.1-8B,H100,3,Energy,0.51252,local_llama
Local,Llama-3.1-8B,H100,4,Energy,0.534111,local_llama
Local,Llama-3.1-8B,H100,5,Energy,0.483073,local_llama
Local,Llama-3.1-8B,H100,6,Energy,0.512755,local_llama
Local,Llama-3.1-8B,H100,7,Energy,0.554696,local_llama
Local,Llama-3.1-8B,H100,8,Energy,0.457028,local_llama
Local,Llama-3.1-8B,H100,9,Energy,0.454547,local_llama
Local,Llama-3.1-8B,H100,10,Energy,0.668359,local_llama
Local,Llama-3.1-8B,H100,1,Time,00:34:55,local_llama
Local,Llama-3.1-8B,H100,2,Time,00:33:51,local_llama
Local,Llama-3.1-8B,H100,3,Time,00:38:48,local_llama
Local,Llama-3.1-8B,H100,4,Time,00:41:54,local_llama
Local,Llama-3.1-8B,H100,5,Time,00:36:55,local_llama
Local,Llama-3.1-8B,H100,6,Time,00:36:41,local_llama
Local,Llama-3.1-8B,H100,7,Time,00:42:22,local_llama
Local,Llama-3.1-8B,H100,8,Time,00:35:37,local_llama
Local,Llama-3.1-8B,H100,9,Time,00:35:11,local_llama
Local,Llama-3.1-8B,H100,10,Time,00:50:47,local_llama
Local,Llama-3.1-8B,H100-PCI,1,CO2eq,147.978712,local_llama
Local,Llama-3.1-8B,H100-PCI,2,CO2eq,138.005788,local_llama
Local,Llama-3.1-8B,H100-PCI,3,CO2eq,160.385244,local_llama
Local,Llama-3.1-8B,H100-PCI,4,CO2eq,173.051238,local_llama
Local,Llama-3.1-8B,H100-PCI,5,CO2eq,145.537294,local_llama
Local,Llama-3.1-8B,H100-PCI,6,CO2eq,155.542452,local_llama
Local,Llama-3.1-8B,H100-PCI,7,CO2eq,173.35019,local_llama
Local,Llama-3.1-8B,H100-PCI,8,CO2eq,146.267217,local_llama
Local,Llama-3.1-8B,H100-PCI,9,CO2eq,150.823979,local_llama
Local,Llama-3.1-8B,H100-PCI,10,CO2eq,212.07735,local_llama
Local,Llama-3.1-8B,H100-PCI,1,Distance,1.376546,local_llama
Local,Llama-3.1-8B,H100-PCI,2,Distance,1.283775,local_llama
Local,Llama-3.1-8B,H100-PCI,3,Distance,1.491956,local_llama
Local,Llama-3.1-8B,H100-PCI,4,Distance,1.609779,local_llama
Local,Llama-3.1-8B,H100-PCI,5,Distance,1.353835,local_llama
Local,Llama-3.1-8B,H100-PCI,6,Distance,1.446907,local_llama
Local,Llama-3.1-8B,H100-PCI,7,Distance,1.61256,local_llama
Local,Llama-3.1-8B,H100-PCI,8,Distance,1.360625,local_llama
Local,Llama-3.1-8B,H100-PCI,9,Distance,1.403014,local_llama
Local,Llama-3.1-8B,H100-PCI,10,Distance,1.972813,local_llama
Local,Llama-3.1-8B,H100-PCI,1,Energy,0.388446,local_llama
Local,Llama-3.1-8B,H100-PCI,2,Energy,0.362267,local_llama
Local,Llama-3.1-8B,H100-PCI,3,Energy,0.421013,local_llama
Local,Llama-3.1-8B,H100-PCI,4,Energy,0.454262,local_llama
Local,Llama-3.1-8B,H100-PCI,5,Energy,0.382037,local_llama
Local,Llama-3.1-8B,H100-PCI,6,Energy,0.408301,local_llama
Local,Llama-3.1-8B,H100-PCI,7,Energy,0.455047,local_llama
Local,Llama-3.1-8B,H100-PCI,8,Energy,0.383953,local_llama
Local,Llama-3.1-8B,H100-PCI,9,Energy,0.395915,local_llama
Local,Llama-3.1-8B,H100-PCI,10,Energy,0.556706,local_llama
Local,Llama-3.1-8B,H100-PCI,1,Time,00:39:01,local_llama
Local,Llama-3.1-8B,H100-PCI,2,Time,00:36:43,local_llama
Local,Llama-3.1-8B,H100-PCI,3,Time,00:42:35,local_llama
Local,Llama-3.1-8B,H100-PCI,4,Time,00:46:32,local_llama
Local,Llama-3.1-8B,H100-PCI,5,Time,00:40:00,local_llama
Local,Llama-3.1-8B,H100-PCI,6,Time,00:40:52,local_llama
Local,Llama-3.1-8B,H100-PCI,7,Time,00:46:04,local_llama
Local,Llama-3.1-8B,H100-PCI,8,Time,00:38:47,local_llama
Local,Llama-3.1-8B,H100-PCI,9,Time,00:39:27,local_llama
Local,Llama-3.1-8B,H100-PCI,10,Time,00:56:21,local_llama
Local,Llama-3.1-8B,H200,1,CO2eq,174.876924,local_llama
Local,Llama-3.1-8B,H200,2,CO2eq,164.668881,local_llama
Local,Llama-3.1-8B,H200,3,CO2eq,188.103166,local_llama
Local,Llama-3.1-8B,H200,4,CO2eq,201.726084,local_llama
Local,Llama-3.1-8B,H200,5,CO2eq,168.713825,local_llama
Local,Llama-3.1-8B,H200,6,CO2eq,178.517328,local_llama
Local,Llama-3.1-8B,H200,7,CO2eq,204.253134,local_llama
Local,Llama-3.1-8B,H200,8,CO2eq,175.044445,local_llama
Local,Llama-3.1-8B,H200,9,CO2eq,170.823804,local_llama
Local,Llama-3.1-8B,H200,10,CO2eq,246.113521,local_llama
Local,Llama-3.1-8B,H200,1,Distance,1.626762,local_llama
Local,Llama-3.1-8B,H200,2,Distance,1.531804,local_llama
Local,Llama-3.1-8B,H200,3,Distance,1.749797,local_llama
Local,Llama-3.1-8B,H200,4,Distance,1.876522,local_llama
Local,Llama-3.1-8B,H200,5,Distance,1.569431,local_llama
Local,Llama-3.1-8B,H200,6,Distance,1.660626,local_llama
Local,Llama-3.1-8B,H200,7,Distance,1.900029,local_llama
Local,Llama-3.1-8B,H200,8,Distance,1.62832,local_llama
Local,Llama-3.1-8B,H200,9,Distance,1.589059,local_llama
Local,Llama-3.1-8B,H200,10,Distance,2.289428,local_llama
Local,Llama-3.1-8B,H200,1,Energy,0.459054,local_llama
Local,Llama-3.1-8B,H200,2,Energy,0.432258,local_llama
Local,Llama-3.1-8B,H200,3,Energy,0.493773,local_llama
Local,Llama-3.1-8B,H200,4,Energy,0.529534,local_llama
Local,Llama-3.1-8B,H200,5,Energy,0.442876,local_llama
Local,Llama-3.1-8B,H200,6,Energy,0.46861,local_llama
Local,Llama-3.1-8B,H200,7,Energy,0.536167,local_llama
Local,Llama-3.1-8B,H200,8,Energy,0.459494,local_llama
Local,Llama-3.1-8B,H200,9,Energy,0.448415,local_llama
Local,Llama-3.1-8B,H200,10,Energy,0.646051,local_llama
Local,Llama-3.1-8B,H200,1,Time,00:33:17,local_llama
Local,Llama-3.1-8B,H200,2,Time,00:31:56,local_llama
Local,Llama-3.1-8B,H200,3,Time,00:36:37,local_llama
Local,Llama-3.1-8B,H200,4,Time,00:39:51,local_llama
Local,Llama-3.1-8B,H200,5,Time,00:34:43,local_llama
Local,Llama-3.1-8B,H200,6,Time,00:34:48,local_llama
Local,Llama-3.1-8B,H200,7,Time,00:39:23,local_llama
Local,Llama-3.1-8B,H200,8,Time,00:33:43,local_llama
Local,Llama-3.1-8B,H200,9,Time,00:33:44,local_llama
Local,Llama-3.1-8B,H200,10,Time,00:49:09,local_llama
Local,Mistral-7B-Instruct-v0.3,A100-40GB,1,CO2eq,117.628141,local_mistral
Local,Mistral-7B-Instruct-v0.3,A100-40GB,2,CO2eq,114.876178,local_mistral
Local,Mistral-7B-Instruct-v0.3,A100-40GB,3,CO2eq,115.74179,local_mistral
Local,Mistral-7B-Instruct-v0.3,A100-40GB,4,CO2eq,112.923905,local_mistral
Local,Mistral-7B-Instruct-v0.3,A100-40GB,5,CO2eq,119.295413,local_mistral
Local,Mistral-7B-Instruct-v0.3,A100-40GB,6,CO2eq,113.129228,local_mistral
Local,Mistral-7B-Instruct-v0.3,A100-40GB,7,CO2eq,115.723467,local_mistral
Local,Mistral-7B-Instruct-v0.3,A100-40GB,8,CO2eq,115.072616,local_mistral
Local,Mistral-7B-Instruct-v0.3,A100-40GB,9,CO2eq,111.614164,local_mistral
Local,Mistral-7B-Instruct-v0.3,A100-40GB,10,CO2eq,118.47282,local_mistral
Local,Mistral-7B-Instruct-v0.3,A100-40GB,1,Distance,1.094215,local_mistral
Local,Mistral-7B-Instruct-v0.3,A100-40GB,2,Distance,1.068616,local_mistral
Local,Mistral-7B-Instruct-v0.3,A100-40GB,3,Distance,1.076668,local_mistral
Local,Mistral-7B-Instruct-v0.3,A100-40GB,4,Distance,1.050455,local_mistral
Local,Mistral-7B-Instruct-v0.3,A100-40GB,5,Distance,1.109725,local_mistral
Local,Mistral-7B-Instruct-v0.3,A100-40GB,6,Distance,1.052365,local_mistral
Local,Mistral-7B-Instruct-v0.3,A100-40GB,7,Distance,1.076497,local_mistral
Local,Mistral-7B-Instruct-v0.3,A100-40GB,8,Distance,1.070443,local_mistral
Local,Mistral-7B-Instruct-v0.3,A100-40GB,9,Distance,1.038271,local_mistral
Local,Mistral-7B-Instruct-v0.3,A100-40GB,10,Distance,1.102073,local_mistral
Local,Mistral-7B-Instruct-v0.3,A100-40GB,1,Energy,0.308775,local_mistral
Local,Mistral-7B-Instruct-v0.3,A100-40GB,2,Energy,0.301551,local_mistral
Local,Mistral-7B-Instruct-v0.3,A100-40GB,3,Energy,0.303824,local_mistral
Local,Mistral-7B-Instruct-v0.3,A100-40GB,4,Energy,0.296427,local_mistral
Local,Mistral-7B-Instruct-v0.3,A100-40GB,5,Energy,0.313152,local_mistral
Local,Mistral-7B-Instruct-v0.3,A100-40GB,6,Energy,0.296966,local_mistral
Local,Mistral-7B-Instruct-v0.3,A100-40GB,7,Energy,0.303776,local_mistral
Local,Mistral-7B-Instruct-v0.3,A100-40GB,8,Energy,0.302067,local_mistral
Local,Mistral-7B-Instruct-v0.3,A100-40GB,9,Energy,0.292989,local_mistral
Local,Mistral-7B-Instruct-v0.3,A100-40GB,10,Energy,0.310993,local_mistral
Local,Mistral-7B-Instruct-v0.3,A100-40GB,1,Time,00:40:55,local_mistral
Local,Mistral-7B-Instruct-v0.3,A100-40GB,2,Time,00:40:47,local_mistral
Local,Mistral-7B-Instruct-v0.3,A100-40GB,3,Time,00:40:54,local_mistral
Local,Mistral-7B-Instruct-v0.3,A100-40GB,4,Time,00:40:51,local_mistral
Local,Mistral-7B-Instruct-v0.3,A100-40GB,5,Time,00:40:38,local_mistral
Local,Mistral-7B-Instruct-v0.3,A100-40GB,6,Time,00:40:48,local_mistral
Local,Mistral-7B-Instruct-v0.3,A100-40GB,7,Time,00:40:49,local_mistral
Local,Mistral-7B-Instruct-v0.3,A100-40GB,8,Time,00:40:58,local_mistral
Local,Mistral-7B-Instruct-v0.3,A100-40GB,9,Time,00:40:38,local_mistral
Local,Mistral-7B-Instruct-v0.3,A100-40GB,10,Time,00:40:30,local_mistral
Local,Mistral-7B-Instruct-v0.3,A100-80GB,1,CO2eq,120.202915,local_mistral
Local,Mistral-7B-Instruct-v0.3,A100-80GB,2,CO2eq,126.544969,local_mistral
Local,Mistral-7B-Instruct-v0.3,A100-80GB,3,CO2eq,117.99133,local_mistral
Local,Mistral-7B-Instruct-v0.3,A100-80GB,4,CO2eq,119.650661,local_mistral
Local,Mistral-7B-Instruct-v0.3,A100-80GB,5,CO2eq,119.07347,local_mistral
Local,Mistral-7B-Instruct-v0.3,A100-80GB,6,CO2eq,117.619162,local_mistral
Local,Mistral-7B-Instruct-v0.3,A100-80GB,7,CO2eq,119.409331,local_mistral
Local,Mistral-7B-Instruct-v0.3,A100-80GB,8,CO2eq,118.510805,local_mistral
Local,Mistral-7B-Instruct-v0.3,A100-80GB,9,CO2eq,118.868851,local_mistral
Local,Mistral-7B-Instruct-v0.3,A100-80GB,10,CO2eq,118.049054,local_mistral
Local,Mistral-7B-Instruct-v0.3,A100-80GB,1,Distance,1.118167,local_mistral
Local,Mistral-7B-Instruct-v0.3,A100-80GB,2,Distance,1.177163,local_mistral
Local,Mistral-7B-Instruct-v0.3,A100-80GB,3,Distance,1.097594,local_mistral
Local,Mistral-7B-Instruct-v0.3,A100-80GB,4,Distance,1.113029,local_mistral
Local,Mistral-7B-Instruct-v0.3,A100-80GB,5,Distance,1.10766,local_mistral
Local,Mistral-7B-Instruct-v0.3,A100-80GB,6,Distance,1.094132,local_mistral
Local,Mistral-7B-Instruct-v0.3,A100-80GB,7,Distance,1.110784,local_mistral
Local,Mistral-7B-Instruct-v0.3,A100-80GB,8,Distance,1.102426,local_mistral
Local,Mistral-7B-Instruct-v0.3,A100-80GB,9,Distance,1.105757,local_mistral
Local,Mistral-7B-Instruct-v0.3,A100-80GB,10,Distance,1.098131,local_mistral
Local,Mistral-7B-Instruct-v0.3,A100-80GB,1,Energy,0.315534,local_mistral
Local,Mistral-7B-Instruct-v0.3,A100-80GB,2,Energy,0.332182,local_mistral
Local,Mistral-7B-Instruct-v0.3,A100-80GB,3,Energy,0.309729,local_mistral
Local,Mistral-7B-Instruct-v0.3,A100-80GB,4,Energy,0.314085,local_mistral
Local,Mistral-7B-Instruct-v0.3,A100-80GB,5,Energy,0.312569,local_mistral
Local,Mistral-7B-Instruct-v0.3,A100-80GB,6,Energy,0.308752,local_mistral
Local,Mistral-7B-Instruct-v0.3,A100-80GB,7,Energy,0.313451,local_mistral
Local,Mistral-7B-Instruct-v0.3,A100-80GB,8,Energy,0.311092,local_mistral
Local,Mistral-7B-Instruct-v0.3,A100-80GB,9,Energy,0.312032,local_mistral
Local,Mistral-7B-Instruct-v0.3,A100-80GB,10,Energy,0.30988,local_mistral
Local,Mistral-7B-Instruct-v0.3,A100-80GB,1,Time,00:38:31,local_mistral
Local,Mistral-7B-Instruct-v0.3,A100-80GB,2,Time,00:38:33,local_mistral
Local,Mistral-7B-Instruct-v0.3,A100-80GB,3,Time,00:38:11,local_mistral
Local,Mistral-7B-Instruct-v0.3,A100-80GB,4,Time,00:38:33,local_mistral
Local,Mistral-7B-Instruct-v0.3,A100-80GB,5,Time,00:38:34,local_mistral
Local,Mistral-7B-Instruct-v0.3,A100-80GB,6,Time,00:38:14,local_mistral
Local,Mistral-7B-Instruct-v0.3,A100-80GB,7,Time,00:38:30,local_mistral
Local,Mistral-7B-Instruct-v0.3,A100-80GB,8,Time,00:38:34,local_mistral
Local,Mistral-7B-Instruct-v0.3,A100-80GB,9,Time,00:38:27,local_mistral
Local,Mistral-7B-Instruct-v0.3,A100-80GB,10,Time,00:38:31,local_mistral
Local,Mistral-7B-Instruct-v0.3,A100-PCI,1,CO2eq,102.753395,local_mistral
Local,Mistral-7B-Instruct-v0.3,A100-PCI,2,CO2eq,103.646479,local_mistral
Local,Mistral-7B-Instruct-v0.3,A100-PCI,3,CO2eq,103.026147,local_mistral
Local,Mistral-7B-Instruct-v0.3,A100-PCI,4,CO2eq,104.684856,local_mistral
Local,Mistral-7B-Instruct-v0.3,A100-PCI,5,CO2eq,102.778874,local_mistral
Local,Mistral-7B-Instruct-v0.3,A100-PCI,6,CO2eq,103.459938,local_mistral
Local,Mistral-7B-Instruct-v0.3,A100-PCI,7,CO2eq,102.302054,local_mistral
Local,Mistral-7B-Instruct-v0.3,A100-PCI,8,CO2eq,104.173679,local_mistral
Local,Mistral-7B-Instruct-v0.3,A100-PCI,9,CO2eq,104.080259,local_mistral
Local,Mistral-7B-Instruct-v0.3,A100-PCI,10,CO2eq,103.702095,local_mistral
Local,Mistral-7B-Instruct-v0.3,A100-PCI,1,Distance,0.955846,local_mistral
Local,Mistral-7B-Instruct-v0.3,A100-PCI,2,Distance,0.964153,local_mistral
Local,Mistral-7B-Instruct-v0.3,A100-PCI,3,Distance,0.958383,local_mistral
Local,Mistral-7B-Instruct-v0.3,A100-PCI,4,Distance,0.973813,local_mistral
Local,Mistral-7B-Instruct-v0.3,A100-PCI,5,Distance,0.956083,local_mistral
Local,Mistral-7B-Instruct-v0.3,A100-PCI,6,Distance,0.962418,local_mistral
Local,Mistral-7B-Instruct-v0.3,A100-PCI,7,Distance,0.951647,local_mistral
Local,Mistral-7B-Instruct-v0.3,A100-PCI,8,Distance,0.969057,local_mistral
Local,Mistral-7B-Instruct-v0.3,A100-PCI,9,Distance,0.968188,local_mistral
Local,Mistral-7B-Instruct-v0.3,A100-PCI,10,Distance,0.964671,local_mistral
Local,Mistral-7B-Instruct-v0.3,A100-PCI,1,Energy,0.269729,local_mistral
Local,Mistral-7B-Instruct-v0.3,A100-PCI,2,Energy,0.272073,local_mistral
Local,Mistral-7B-Instruct-v0.3,A100-PCI,3,Energy,0.270445,local_mistral
Local,Mistral-7B-Instruct-v0.3,A100-PCI,4,Energy,0.274799,local_mistral
Local,Mistral-7B-Instruct-v0.3,A100-PCI,5,Energy,0.269796,local_mistral
Local,Mistral-7B-Instruct-v0.3,A100-PCI,6,Energy,0.271584,local_mistral
Local,Mistral-7B-Instruct-v0.3,A100-PCI,7,Energy,0.268544,local_mistral
Local,Mistral-7B-Instruct-v0.3,A100-PCI,8,Energy,0.273457,local_mistral
Local,Mistral-7B-Instruct-v0.3,A100-PCI,9,Energy,0.273212,local_mistral
Local,Mistral-7B-Instruct-v0.3,A100-PCI,10,Energy,0.272219,local_mistral
Local,Mistral-7B-Instruct-v0.3,A100-PCI,1,Time,00:41:54,local_mistral
Local,Mistral-7B-Instruct-v0.3,A100-PCI,2,Time,00:42:05,local_mistral
Local,Mistral-7B-Instruct-v0.3,A100-PCI,3,Time,00:42:06,local_mistral
Local,Mistral-7B-Instruct-v0.3,A100-PCI,4,Time,00:42:29,local_mistral
Local,Mistral-7B-Instruct-v0.3,A100-PCI,5,Time,00:41:54,local_mistral
Local,Mistral-7B-Instruct-v0.3,A100-PCI,6,Time,00:42:08,local_mistral
Local,Mistral-7B-Instruct-v0.3,A100-PCI,7,Time,00:41:36,local_mistral
Local,Mistral-7B-Instruct-v0.3,A100-PCI,8,Time,00:42:13,local_mistral
Local,Mistral-7B-Instruct-v0.3,A100-PCI,9,Time,00:42:19,local_mistral
Local,Mistral-7B-Instruct-v0.3,A100-PCI,10,Time,00:42:10,local_mistral
Local,Mistral-7B-Instruct-v0.3,H100,1,CO2eq,133.236759,local_mistral
Local,Mistral-7B-Instruct-v0.3,H100,2,CO2eq,130.28083,local_mistral
Local,Mistral-7B-Instruct-v0.3,H100,3,CO2eq,134.977399,local_mistral
Local,Mistral-7B-Instruct-v0.3,H100,4,CO2eq,131.9864,local_mistral
Local,Mistral-7B-Instruct-v0.3,H100,5,CO2eq,135.970176,local_mistral
Local,Mistral-7B-Instruct-v0.3,H100,6,CO2eq,130.14915,local_mistral
Local,Mistral-7B-Instruct-v0.3,H100,7,CO2eq,134.738938,local_mistral
Local,Mistral-7B-Instruct-v0.3,H100,8,CO2eq,131.835419,local_mistral
Local,Mistral-7B-Instruct-v0.3,H100,9,CO2eq,134.936598,local_mistral
Local,Mistral-7B-Instruct-v0.3,H100,10,CO2eq,133.767229,local_mistral
Local,Mistral-7B-Instruct-v0.3,H100,1,Distance,1.239412,local_mistral
Local,Mistral-7B-Instruct-v0.3,H100,2,Distance,1.211915,local_mistral
Local,Mistral-7B-Instruct-v0.3,H100,3,Distance,1.255604,local_mistral
Local,Mistral-7B-Instruct-v0.3,H100,4,Distance,1.22778,local_mistral
Local,Mistral-7B-Instruct-v0.3,H100,5,Distance,1.264839,local_mistral
Local,Mistral-7B-Instruct-v0.3,H100,6,Distance,1.21069,local_mistral
Local,Mistral-7B-Instruct-v0.3,H100,7,Distance,1.253385,local_mistral
Local,Mistral-7B-Instruct-v0.3,H100,8,Distance,1.226376,local_mistral
Local,Mistral-7B-Instruct-v0.3,H100,9,Distance,1.255224,local_mistral
Local,Mistral-7B-Instruct-v0.3,H100,10,Distance,1.244346,local_mistral
Local,Mistral-7B-Instruct-v0.3,H100,1,Energy,0.349748,local_mistral
Local,Mistral-7B-Instruct-v0.3,H100,2,Energy,0.341989,local_mistral
Local,Mistral-7B-Instruct-v0.3,H100,3,Energy,0.354317,local_mistral
Local,Mistral-7B-Instruct-v0.3,H100,4,Energy,0.346466,local_mistral
Local,Mistral-7B-Instruct-v0.3,H100,5,Energy,0.356924,local_mistral
Local,Mistral-7B-Instruct-v0.3,H100,6,Energy,0.341643,local_mistral
Local,Mistral-7B-Instruct-v0.3,H100,7,Energy,0.353691,local_mistral
Local,Mistral-7B-Instruct-v0.3,H100,8,Energy,0.34607,local_mistral
Local,Mistral-7B-Instruct-v0.3,H100,9,Energy,0.35421,local_mistral
Local,Mistral-7B-Instruct-v0.3,H100,10,Energy,0.351141,local_mistral
Local,Mistral-7B-Instruct-v0.3,H100,1,Time,00:27:44,local_mistral
Local,Mistral-7B-Instruct-v0.3,H100,2,Time,00:28:06,local_mistral
Local,Mistral-7B-Instruct-v0.3,H100,3,Time,00:28:00,local_mistral
Local,Mistral-7B-Instruct-v0.3,H100,4,Time,00:27:14,local_mistral
Local,Mistral-7B-Instruct-v0.3,H100,5,Time,00:27:05,local_mistral
Local,Mistral-7B-Instruct-v0.3,H100,6,Time,00:28:03,local_mistral
Local,Mistral-7B-Instruct-v0.3,H100,7,Time,00:27:54,local_mistral
Local,Mistral-7B-Instruct-v0.3,H100,8,Time,00:27:14,local_mistral
Local,Mistral-7B-Instruct-v0.3,H100,9,Time,00:27:45,local_mistral
Local,Mistral-7B-Instruct-v0.3,H100,10,Time,00:27:53,local_mistral
Local,Mistral-7B-Instruct-v0.3,H100-PCI,1,CO2eq,111.292224,local_mistral
Local,Mistral-7B-Instruct-v0.3,H100-PCI,2,CO2eq,113.19747,local_mistral
Local,Mistral-7B-Instruct-v0.3,H100-PCI,3,CO2eq,114.387348,local_mistral
Local,Mistral-7B-Instruct-v0.3,H100-PCI,4,CO2eq,113.424362,local_mistral
Local,Mistral-7B-Instruct-v0.3,H100-PCI,5,CO2eq,111.988247,local_mistral
Local,Mistral-7B-Instruct-v0.3,H100-PCI,6,CO2eq,111.394089,local_mistral
Local,Mistral-7B-Instruct-v0.3,H100-PCI,7,CO2eq,113.494814,local_mistral
Local,Mistral-7B-Instruct-v0.3,H100-PCI,8,CO2eq,114.169062,local_mistral
Local,Mistral-7B-Instruct-v0.3,H100-PCI,9,CO2eq,113.282148,local_mistral
Local,Mistral-7B-Instruct-v0.3,H100-PCI,10,CO2eq,112.147101,local_mistral
Local,Mistral-7B-Instruct-v0.3,H100-PCI,1,Distance,1.035277,local_mistral
Local,Mistral-7B-Instruct-v0.3,H100-PCI,2,Distance,1.053,local_mistral
Local,Mistral-7B-Instruct-v0.3,H100-PCI,3,Distance,1.064068,local_mistral
Local,Mistral-7B-Instruct-v0.3,H100-PCI,4,Distance,1.05511,local_mistral
Local,Mistral-7B-Instruct-v0.3,H100-PCI,5,Distance,1.041751,local_mistral
Local,Mistral-7B-Instruct-v0.3,H100-PCI,6,Distance,1.036224,local_mistral
Local,Mistral-7B-Instruct-v0.3,H100-PCI,7,Distance,1.055766,local_mistral
Local,Mistral-7B-Instruct-v0.3,H100-PCI,8,Distance,1.062038,local_mistral
Local,Mistral-7B-Instruct-v0.3,H100-PCI,9,Distance,1.053787,local_mistral
Local,Mistral-7B-Instruct-v0.3,H100-PCI,10,Distance,1.043229,local_mistral
Local,Mistral-7B-Instruct-v0.3,H100-PCI,1,Energy,0.292144,local_mistral
Local,Mistral-7B-Instruct-v0.3,H100-PCI,2,Energy,0.297145,local_mistral
Local,Mistral-7B-Instruct-v0.3,H100-PCI,3,Energy,0.300268,local_mistral
Local,Mistral-7B-Instruct-v0.3,H100-PCI,4,Energy,0.29774,local_mistral
Local,Mistral-7B-Instruct-v0.3,H100-PCI,5,Energy,0.293971,local_mistral
Local,Mistral-7B-Instruct-v0.3,H100-PCI,6,Energy,0.292411,local_mistral
Local,Mistral-7B-Instruct-v0.3,H100-PCI,7,Energy,0.297925,local_mistral
Local,Mistral-7B-Instruct-v0.3,H100-PCI,8,Energy,0.299695,local_mistral
Local,Mistral-7B-Instruct-v0.3,H100-PCI,9,Energy,0.297367,local_mistral
Local,Mistral-7B-Instruct-v0.3,H100-PCI,10,Energy,0.294388,local_mistral
Local,Mistral-7B-Instruct-v0.3,H100-PCI,1,Time,00:30:15,local_mistral
Local,Mistral-7B-Instruct-v0.3,H100-PCI,2,Time,00:30:20,local_mistral
Local,Mistral-7B-Instruct-v0.3,H100-PCI,3,Time,00:30:31,local_mistral
Local,Mistral-7B-Instruct-v0.3,H100-PCI,4,Time,00:30:30,local_mistral
Local,Mistral-7B-Instruct-v0.3,H100-PCI,5,Time,00:30:06,local_mistral
Local,Mistral-7B-Instruct-v0.3,H100-PCI,6,Time,00:30:14,local_mistral
Local,Mistral-7B-Instruct-v0.3,H100-PCI,7,Time,00:30:26,local_mistral
Local,Mistral-7B-Instruct-v0.3,H100-PCI,8,Time,00:30:27,local_mistral
Local,Mistral-7B-Instruct-v0.3,H100-PCI,9,Time,00:30:28,local_mistral
Local,Mistral-7B-Instruct-v0.3,H100-PCI,10,Time,00:30:08,local_mistral
Local,Mistral-7B-Instruct-v0.3,H200,1,CO2eq,129.121576,local_mistral
Local,Mistral-7B-Instruct-v0.3,H200,2,CO2eq,128.785766,local_mistral
Local,Mistral-7B-Instruct-v0.3,H200,3,CO2eq,129.340284,local_mistral
Local,Mistral-7B-Instruct-v0.3,H200,4,CO2eq,132.336347,local_mistral
Local,Mistral-7B-Instruct-v0.3,H200,5,CO2eq,129.118818,local_mistral
Local,Mistral-7B-Instruct-v0.3,H200,6,CO2eq,128.763529,local_mistral
Local,Mistral-7B-Instruct-v0.3,H200,7,CO2eq,132.03181,local_mistral
Local,Mistral-7B-Instruct-v0.3,H200,8,CO2eq,129.341614,local_mistral
Local,Mistral-7B-Instruct-v0.3,H200,9,CO2eq,129.243653,local_mistral
Local,Mistral-7B-Instruct-v0.3,H200,10,CO2eq,128.61188,local_mistral
Local,Mistral-7B-Instruct-v0.3,H200,1,Distance,1.201131,local_mistral
Local,Mistral-7B-Instruct-v0.3,H200,2,Distance,1.198007,local_mistral
Local,Mistral-7B-Instruct-v0.3,H200,3,Distance,1.203165,local_mistral
Local,Mistral-7B-Instruct-v0.3,H200,4,Distance,1.231036,local_mistral
Local,Mistral-7B-Instruct-v0.3,H200,5,Distance,1.201105,local_mistral
Local,Mistral-7B-Instruct-v0.3,H200,6,Distance,1.1978,local_mistral
Local,Mistral-7B-Instruct-v0.3,H200,7,Distance,1.228203,local_mistral
Local,Mistral-7B-Instruct-v0.3,H200,8,Distance,1.203178,local_mistral
Local,Mistral-7B-Instruct-v0.3,H200,9,Distance,1.202267,local_mistral
Local,Mistral-7B-Instruct-v0.3,H200,10,Distance,1.19639,local_mistral
Local,Mistral-7B-Instruct-v0.3,H200,1,Energy,0.338946,local_mistral
Local,Mistral-7B-Instruct-v0.3,H200,2,Energy,0.338064,local_mistral
Local,Mistral-7B-Instruct-v0.3,H200,3,Energy,0.33952,local_mistral
Local,Mistral-7B-Instruct-v0.3,H200,4,Energy,0.347385,local_mistral
Local,Mistral-7B-Instruct-v0.3,H200,5,Energy,0.338939,local_mistral
Local,Mistral-7B-Instruct-v0.3,H200,6,Energy,0.338006,local_mistral
Local,Mistral-7B-Instruct-v0.3,H200,7,Energy,0.346585,local_mistral
Local,Mistral-7B-Instruct-v0.3,H200,8,Energy,0.339523,local_mistral
Local,Mistral-7B-Instruct-v0.3,H200,9,Energy,0.339266,local_mistral
Local,Mistral-7B-Instruct-v0.3,H200,10,Energy,0.337608,local_mistral
Local,Mistral-7B-Instruct-v0.3,H200,1,Time,00:25:57,local_mistral
Local,Mistral-7B-Instruct-v0.3,H200,2,Time,00:25:58,local_mistral
Local,Mistral-7B-Instruct-v0.3,H200,3,Time,00:25:52,local_mistral
Local,Mistral-7B-Instruct-v0.3,H200,4,Time,00:26:08,local_mistral
Local,Mistral-7B-Instruct-v0.3,H200,5,Time,00:25:57,local_mistral
Local,Mistral-7B-Instruct-v0.3,H200,6,Time,00:26:00,local_mistral
Local,Mistral-7B-Instruct-v0.3,H200,7,Time,00:26:02,local_mistral
Local,Mistral-7B-Instruct-v0.3,H200,8,Time,00:25:59,local_mistral
Local,Mistral-7B-Instruct-v0.3,H200,9,Time,00:26:03,local_mistral
Local,Mistral-7B-Instruct-v0.3,H200,10,Time,00:25:53,local_mistral
Local,Mistral-7B-v0.3,A100-40GB,1,CO2eq,185.376791,local_mistral
Local,Mistral-7B-v0.3,A100-40GB,2,CO2eq,188.463683,local_mistral
Local,Mistral-7B-v0.3,A100-40GB,3,CO2eq,188.085435,local_mistral
Local,Mistral-7B-v0.3,A100-40GB,4,CO2eq,183.353666,local_mistral
Local,Mistral-7B-v0.3,A100-40GB,5,CO2eq,185.467185,local_mistral
Local,Mistral-7B-v0.3,A100-40GB,6,CO2eq,188.995306,local_mistral
Local,Mistral-7B-v0.3,A100-40GB,7,CO2eq,188.234245,local_mistral
Local,Mistral-7B-v0.3,A100-40GB,8,CO2eq,183.673452,local_mistral
Local,Mistral-7B-v0.3,A100-40GB,9,CO2eq,185.246586,local_mistral
Local,Mistral-7B-v0.3,A100-40GB,10,CO2eq,188.74902,local_mistral
Local,Mistral-7B-v0.3,A100-40GB,1,Distance,1.724435,local_mistral
Local,Mistral-7B-v0.3,A100-40GB,2,Distance,1.753151,local_mistral
Local,Mistral-7B-v0.3,A100-40GB,3,Distance,1.749632,local_mistral
Local,Mistral-7B-v0.3,A100-40GB,4,Distance,1.705615,local_mistral
Local,Mistral-7B-v0.3,A100-40GB,5,Distance,1.725276,local_mistral
Local,Mistral-7B-v0.3,A100-40GB,6,Distance,1.758096,local_mistral
Local,Mistral-7B-v0.3,A100-40GB,7,Distance,1.751016,local_mistral
Local,Mistral-7B-v0.3,A100-40GB,8,Distance,1.70859,local_mistral
Local,Mistral-7B-v0.3,A100-40GB,9,Distance,1.723224,local_mistral
Local,Mistral-7B-v0.3,A100-40GB,10,Distance,1.755805,local_mistral
Local,Mistral-7B-v0.3,A100-40GB,1,Energy,0.486617,local_mistral
Local,Mistral-7B-v0.3,A100-40GB,2,Energy,0.49472,local_mistral
Local,Mistral-7B-v0.3,A100-40GB,3,Energy,0.493727,local_mistral
Local,Mistral-7B-v0.3,A100-40GB,4,Energy,0.481306,local_mistral
Local,Mistral-7B-v0.3,A100-40GB,5,Energy,0.486854,local_mistral
Local,Mistral-7B-v0.3,A100-40GB,6,Energy,0.496115,local_mistral
Local,Mistral-7B-v0.3,A100-40GB,7,Energy,0.494117,local_mistral
Local,Mistral-7B-v0.3,A100-40GB,8,Energy,0.482145,local_mistral
Local,Mistral-7B-v0.3,A100-40GB,9,Energy,0.486275,local_mistral
Local,Mistral-7B-v0.3,A100-40GB,10,Energy,0.495469,local_mistral
Local,Mistral-7B-v0.3,A100-40GB,1,Time,01:03:57,local_mistral
Local,Mistral-7B-v0.3,A100-40GB,2,Time,01:03:53,local_mistral
Local,Mistral-7B-v0.3,A100-40GB,3,Time,01:04:12,local_mistral
Local,Mistral-7B-v0.3,A100-40GB,4,Time,01:03:58,local_mistral
Local,Mistral-7B-v0.3,A100-40GB,5,Time,01:03:55,local_mistral
Local,Mistral-7B-v0.3,A100-40GB,6,Time,01:04:02,local_mistral
Local,Mistral-7B-v0.3,A100-40GB,7,Time,01:04:13,local_mistral
Local,Mistral-7B-v0.3,A100-40GB,8,Time,01:04:06,local_mistral
Local,Mistral-7B-v0.3,A100-40GB,9,Time,01:04:01,local_mistral
Local,Mistral-7B-v0.3,A100-40GB,10,Time,01:04:10,local_mistral
Local,Mistral-7B-v0.3,A100-80GB,1,CO2eq,183.399419,local_mistral
Local,Mistral-7B-v0.3,A100-80GB,2,CO2eq,183.710869,local_mistral
Local,Mistral-7B-v0.3,A100-80GB,3,CO2eq,196.423376,local_mistral
Local,Mistral-7B-v0.3,A100-80GB,4,CO2eq,186.134155,local_mistral
Local,Mistral-7B-v0.3,A100-80GB,5,CO2eq,185.283572,local_mistral
Local,Mistral-7B-v0.3,A100-80GB,6,CO2eq,199.89604,local_mistral
Local,Mistral-7B-v0.3,A100-80GB,7,CO2eq,194.884643,local_mistral
Local,Mistral-7B-v0.3,A100-80GB,8,CO2eq,187.672286,local_mistral
Local,Mistral-7B-v0.3,A100-80GB,9,CO2eq,188.471033,local_mistral
Local,Mistral-7B-v0.3,A100-80GB,10,CO2eq,185.38326,local_mistral
Local,Mistral-7B-v0.3,A100-80GB,1,Distance,1.706041,local_mistral
Local,Mistral-7B-v0.3,A100-80GB,2,Distance,1.708938,local_mistral
Local,Mistral-7B-v0.3,A100-80GB,3,Distance,1.827194,local_mistral
Local,Mistral-7B-v0.3,A100-80GB,4,Distance,1.731481,local_mistral
Local,Mistral-7B-v0.3,A100-80GB,5,Distance,1.723568,local_mistral
Local,Mistral-7B-v0.3,A100-80GB,6,Distance,1.859498,local_mistral
Local,Mistral-7B-v0.3,A100-80GB,7,Distance,1.81288,local_mistral
Local,Mistral-7B-v0.3,A100-80GB,8,Distance,1.745789,local_mistral
Local,Mistral-7B-v0.3,A100-80GB,9,Distance,1.753219,local_mistral
Local,Mistral-7B-v0.3,A100-80GB,10,Distance,1.724495,local_mistral
Local,Mistral-7B-v0.3,A100-80GB,1,Energy,0.481426,local_mistral
Local,Mistral-7B-v0.3,A100-80GB,2,Energy,0.482243,local_mistral
Local,Mistral-7B-v0.3,A100-80GB,3,Energy,0.515614,local_mistral
Local,Mistral-7B-v0.3,A100-80GB,4,Energy,0.488605,local_mistral
Local,Mistral-7B-v0.3,A100-80GB,5,Energy,0.486372,local_mistral
Local,Mistral-7B-v0.3,A100-80GB,6,Energy,0.52473,local_mistral
Local,Mistral-7B-v0.3,A100-80GB,7,Energy,0.511575,local_mistral
Local,Mistral-7B-v0.3,A100-80GB,8,Energy,0.492642,local_mistral
Local,Mistral-7B-v0.3,A100-80GB,9,Energy,0.494739,local_mistral
Local,Mistral-7B-v0.3,A100-80GB,10,Energy,0.486633,local_mistral
Local,Mistral-7B-v0.3,A100-80GB,1,Time,00:59:36,local_mistral
Local,Mistral-7B-v0.3,A100-80GB,2,Time,00:59:47,local_mistral
Local,Mistral-7B-v0.3,A100-80GB,3,Time,00:59:57,local_mistral
Local,Mistral-7B-v0.3,A100-80GB,4,Time,01:02:00,local_mistral
Local,Mistral-7B-v0.3,A100-80GB,5,Time,01:00:48,local_mistral
Local,Mistral-7B-v0.3,A100-80GB,6,Time,01:00:42,local_mistral
Local,Mistral-7B-v0.3,A100-80GB,7,Time,01:00:39,local_mistral
Local,Mistral-7B-v0.3,A100-80GB,8,Time,00:59:36,local_mistral
Local,Mistral-7B-v0.3,A100-80GB,9,Time,00:59:49,local_mistral
Local,Mistral-7B-v0.3,A100-80GB,10,Time,01:00:17,local_mistral
Local,Mistral-7B-v0.3,A100-PCI,1,CO2eq,165.12558,local_mistral
Local,Mistral-7B-v0.3,A100-PCI,2,CO2eq,163.88233,local_mistral
Local,Mistral-7B-v0.3,A100-PCI,3,CO2eq,164.632509,local_mistral
Local,Mistral-7B-v0.3,A100-PCI,4,CO2eq,164.045033,local_mistral
Local,Mistral-7B-v0.3,A100-PCI,5,CO2eq,163.153827,local_mistral
Local,Mistral-7B-v0.3,A100-PCI,6,CO2eq,163.379359,local_mistral
Local,Mistral-7B-v0.3,A100-PCI,7,CO2eq,165.472664,local_mistral
Local,Mistral-7B-v0.3,A100-PCI,8,CO2eq,164.691198,local_mistral
Local,Mistral-7B-v0.3,A100-PCI,9,CO2eq,163.956281,local_mistral
Local,Mistral-7B-v0.3,A100-PCI,10,CO2eq,164.03595,local_mistral
Local,Mistral-7B-v0.3,A100-PCI,1,Distance,1.536052,local_mistral
Local,Mistral-7B-v0.3,A100-PCI,2,Distance,1.524487,local_mistral
Local,Mistral-7B-v0.3,A100-PCI,3,Distance,1.531465,local_mistral
Local,Mistral-7B-v0.3,A100-PCI,4,Distance,1.526,local_mistral
Local,Mistral-7B-v0.3,A100-PCI,5,Distance,1.51771,local_mistral
Local,Mistral-7B-v0.3,A100-PCI,6,Distance,1.519808,local_mistral
Local,Mistral-7B-v0.3,A100-PCI,7,Distance,1.539281,local_mistral
Local,Mistral-7B-v0.3,A100-PCI,8,Distance,1.532011,local_mistral
Local,Mistral-7B-v0.3,A100-PCI,9,Distance,1.525175,local_mistral
Local,Mistral-7B-v0.3,A100-PCI,10,Distance,1.525916,local_mistral
Local,Mistral-7B-v0.3,A100-PCI,1,Energy,0.433457,local_mistral
Local,Mistral-7B-v0.3,A100-PCI,2,Energy,0.430193,local_mistral
Local,Mistral-7B-v0.3,A100-PCI,3,Energy,0.432163,local_mistral
Local,Mistral-7B-v0.3,A100-PCI,4,Energy,0.43062,local_mistral
Local,Mistral-7B-v0.3,A100-PCI,5,Energy,0.428281,local_mistral
Local,Mistral-7B-v0.3,A100-PCI,6,Energy,0.428873,local_mistral
Local,Mistral-7B-v0.3,A100-PCI,7,Energy,0.434368,local_mistral
Local,Mistral-7B-v0.3,A100-PCI,8,Energy,0.432317,local_mistral
Local,Mistral-7B-v0.3,A100-PCI,9,Energy,0.430387,local_mistral
Local,Mistral-7B-v0.3,A100-PCI,10,Energy,0.430597,local_mistral
Local,Mistral-7B-v0.3,A100-PCI,1,Time,01:06:45,local_mistral
Local,Mistral-7B-v0.3,A100-PCI,2,Time,01:06:08,local_mistral
Local,Mistral-7B-v0.3,A100-PCI,3,Time,01:06:27,local_mistral
Local,Mistral-7B-v0.3,A100-PCI,4,Time,01:06:17,local_mistral
Local,Mistral-7B-v0.3,A100-PCI,5,Time,01:05:57,local_mistral
Local,Mistral-7B-v0.3,A100-PCI,6,Time,01:06:06,local_mistral
Local,Mistral-7B-v0.3,A100-PCI,7,Time,01:06:39,local_mistral
Local,Mistral-7B-v0.3,A100-PCI,8,Time,01:06:27,local_mistral
Local,Mistral-7B-v0.3,A100-PCI,9,Time,01:06:14,local_mistral
Local,Mistral-7B-v0.3,A100-PCI,10,Time,01:06:11,local_mistral
Local,Mistral-7B-v0.3,H100,1,CO2eq,142.594641,local_mistral
Local,Mistral-7B-v0.3,H100,2,CO2eq,143.614241,local_mistral
Local,Mistral-7B-v0.3,H100,3,CO2eq,143.960888,local_mistral
Local,Mistral-7B-v0.3,H100,4,CO2eq,143.308573,local_mistral
Local,Mistral-7B-v0.3,H100,5,CO2eq,145.016779,local_mistral
Local,Mistral-7B-v0.3,H100,6,CO2eq,137.602166,local_mistral
Local,Mistral-7B-v0.3,H100,7,CO2eq,143.401255,local_mistral
Local,Mistral-7B-v0.3,H100,8,CO2eq,142.345475,local_mistral
Local,Mistral-7B-v0.3,H100,9,CO2eq,138.529597,local_mistral
Local,Mistral-7B-v0.3,H100,10,CO2eq,143.321284,local_mistral
Local,Mistral-7B-v0.3,H100,1,Distance,1.326462,local_mistral
Local,Mistral-7B-v0.3,H100,2,Distance,1.335946,local_mistral
Local,Mistral-7B-v0.3,H100,3,Distance,1.339171,local_mistral
Local,Mistral-7B-v0.3,H100,4,Distance,1.333103,local_mistral
Local,Mistral-7B-v0.3,H100,5,Distance,1.348993,local_mistral
Local,Mistral-7B-v0.3,H100,6,Distance,1.28002,local_mistral
Local,Mistral-7B-v0.3,H100,7,Distance,1.333965,local_mistral
Local,Mistral-7B-v0.3,H100,8,Distance,1.324144,local_mistral
Local,Mistral-7B-v0.3,H100,9,Distance,1.288647,local_mistral
Local,Mistral-7B-v0.3,H100,10,Distance,1.333221,local_mistral
Local,Mistral-7B-v0.3,H100,1,Energy,0.374313,local_mistral
Local,Mistral-7B-v0.3,H100,2,Energy,0.376989,local_mistral
Local,Mistral-7B-v0.3,H100,3,Energy,0.377899,local_mistral
Local,Mistral-7B-v0.3,H100,4,Energy,0.376187,local_mistral
Local,Mistral-7B-v0.3,H100,5,Energy,0.380671,local_mistral
Local,Mistral-7B-v0.3,H100,6,Energy,0.361207,local_mistral
Local,Mistral-7B-v0.3,H100,7,Energy,0.37643,local_mistral
Local,Mistral-7B-v0.3,H100,8,Energy,0.373659,local_mistral
Local,Mistral-7B-v0.3,H100,9,Energy,0.363642,local_mistral
Local,Mistral-7B-v0.3,H100,10,Energy,0.37622,local_mistral
Local,Mistral-7B-v0.3,H100,1,Time,00:29:05,local_mistral
Local,Mistral-7B-v0.3,H100,2,Time,00:29:11,local_mistral
Local,Mistral-7B-v0.3,H100,3,Time,00:29:13,local_mistral
Local,Mistral-7B-v0.3,H100,4,Time,00:29:09,local_mistral
Local,Mistral-7B-v0.3,H100,5,Time,00:28:56,local_mistral
Local,Mistral-7B-v0.3,H100,6,Time,00:29:42,local_mistral
Local,Mistral-7B-v0.3,H100,7,Time,00:29:11,local_mistral
Local,Mistral-7B-v0.3,H100,8,Time,00:29:28,local_mistral
Local,Mistral-7B-v0.3,H100,9,Time,00:29:33,local_mistral
Local,Mistral-7B-v0.3,H100,10,Time,00:29:17,local_mistral
Local,Mistral-7B-v0.3,H100-PCI,1,CO2eq,121.45494,local_mistral
Local,Mistral-7B-v0.3,H100-PCI,2,CO2eq,119.423344,local_mistral
Local,Mistral-7B-v0.3,H100-PCI,3,CO2eq,120.31267,local_mistral
Local,Mistral-7B-v0.3,H100-PCI,4,CO2eq,120.188569,local_mistral
Local,Mistral-7B-v0.3,H100-PCI,5,CO2eq,118.723692,local_mistral
Local,Mistral-7B-v0.3,H100-PCI,6,CO2eq,117.857891,local_mistral
Local,Mistral-7B-v0.3,H100-PCI,7,CO2eq,120.106203,local_mistral
Local,Mistral-7B-v0.3,H100-PCI,8,CO2eq,120.701383,local_mistral
Local,Mistral-7B-v0.3,H100-PCI,9,CO2eq,120.260329,local_mistral
Local,Mistral-7B-v0.3,H100-PCI,10,CO2eq,118.806167,local_mistral
Local,Mistral-7B-v0.3,H100-PCI,1,Distance,1.129813,local_mistral
Local,Mistral-7B-v0.3,H100-PCI,2,Distance,1.110915,local_mistral
Local,Mistral-7B-v0.3,H100-PCI,3,Distance,1.119188,local_mistral
Local,Mistral-7B-v0.3,H100-PCI,4,Distance,1.118033,local_mistral
Local,Mistral-7B-v0.3,H100-PCI,5,Distance,1.104406,local_mistral
Local,Mistral-7B-v0.3,H100-PCI,6,Distance,1.096352,local_mistral
Local,Mistral-7B-v0.3,H100-PCI,7,Distance,1.117267,local_mistral
Local,Mistral-7B-v0.3,H100-PCI,8,Distance,1.122804,local_mistral
Local,Mistral-7B-v0.3,H100-PCI,9,Distance,1.118701,local_mistral
Local,Mistral-7B-v0.3,H100-PCI,10,Distance,1.105174,local_mistral
Local,Mistral-7B-v0.3,H100-PCI,1,Energy,0.318821,local_mistral
Local,Mistral-7B-v0.3,H100-PCI,2,Energy,0.313488,local_mistral
Local,Mistral-7B-v0.3,H100-PCI,3,Energy,0.315822,local_mistral
Local,Mistral-7B-v0.3,H100-PCI,4,Energy,0.315497,local_mistral
Local,Mistral-7B-v0.3,H100-PCI,5,Energy,0.311651,local_mistral
Local,Mistral-7B-v0.3,H100-PCI,6,Energy,0.309379,local_mistral
Local,Mistral-7B-v0.3,H100-PCI,7,Energy,0.31528,local_mistral
Local,Mistral-7B-v0.3,H100-PCI,8,Energy,0.316843,local_mistral
Local,Mistral-7B-v0.3,H100-PCI,9,Energy,0.315685,local_mistral
Local,Mistral-7B-v0.3,H100-PCI,10,Energy,0.311868,local_mistral
Local,Mistral-7B-v0.3,H100-PCI,1,Time,00:32:26,local_mistral
Local,Mistral-7B-v0.3,H100-PCI,2,Time,00:32:12,local_mistral
Local,Mistral-7B-v0.3,H100-PCI,3,Time,00:32:25,local_mistral
Local,Mistral-7B-v0.3,H100-PCI,4,Time,00:32:15,local_mistral
Local,Mistral-7B-v0.3,H100-PCI,5,Time,00:32:11,local_mistral
Local,Mistral-7B-v0.3,H100-PCI,6,Time,00:32:03,local_mistral
Local,Mistral-7B-v0.3,H100-PCI,7,Time,00:32:24,local_mistral
Local,Mistral-7B-v0.3,H100-PCI,8,Time,00:32:24,local_mistral
Local,Mistral-7B-v0.3,H100-PCI,9,Time,00:32:26,local_mistral
Local,Mistral-7B-v0.3,H100-PCI,10,Time,00:32:20,local_mistral
Local,Mistral-7B-v0.3,H200,1,CO2eq,136.811035,local_mistral
Local,Mistral-7B-v0.3,H200,2,CO2eq,137.211303,local_mistral
Local,Mistral-7B-v0.3,H200,3,CO2eq,141.277201,local_mistral
Local,Mistral-7B-v0.3,H200,4,CO2eq,136.834424,local_mistral
Local,Mistral-7B-v0.3,H200,5,CO2eq,137.238631,local_mistral
Local,Mistral-7B-v0.3,H200,6,CO2eq,141.027377,local_mistral
Local,Mistral-7B-v0.3,H200,7,CO2eq,136.924081,local_mistral
Local,Mistral-7B-v0.3,H200,8,CO2eq,136.690135,local_mistral
Local,Mistral-7B-v0.3,H200,9,CO2eq,137.125312,local_mistral
Local,Mistral-7B-v0.3,H200,10,CO2eq,139.796243,local_mistral
Local,Mistral-7B-v0.3,H200,1,Distance,1.272661,local_mistral
Local,Mistral-7B-v0.3,H200,2,Distance,1.276384,local_mistral
Local,Mistral-7B-v0.3,H200,3,Distance,1.314207,local_mistral
Local,Mistral-7B-v0.3,H200,4,Distance,1.272878,local_mistral
Local,Mistral-7B-v0.3,H200,5,Distance,1.276638,local_mistral
Local,Mistral-7B-v0.3,H200,6,Distance,1.311883,local_mistral
Local,Mistral-7B-v0.3,H200,7,Distance,1.273712,local_mistral
Local,Mistral-7B-v0.3,H200,8,Distance,1.271536,local_mistral
Local,Mistral-7B-v0.3,H200,9,Distance,1.275584,local_mistral
Local,Mistral-7B-v0.3,H200,10,Distance,1.30043,local_mistral
Local,Mistral-7B-v0.3,H200,1,Energy,0.359131,local_mistral
Local,Mistral-7B-v0.3,H200,2,Energy,0.360181,local_mistral
Local,Mistral-7B-v0.3,H200,3,Energy,0.370855,local_mistral
Local,Mistral-7B-v0.3,H200,4,Energy,0.359192,local_mistral
Local,Mistral-7B-v0.3,H200,5,Energy,0.360253,local_mistral
Local,Mistral-7B-v0.3,H200,6,Energy,0.370199,local_mistral
Local,Mistral-7B-v0.3,H200,7,Energy,0.359428,local_mistral
Local,Mistral-7B-v0.3,H200,8,Energy,0.358813,local_mistral
Local,Mistral-7B-v0.3,H200,9,Energy,0.359956,local_mistral
Local,Mistral-7B-v0.3,H200,10,Energy,0.366967,local_mistral
Local,Mistral-7B-v0.3,H200,1,Time,00:27:38,local_mistral
Local,Mistral-7B-v0.3,H200,2,Time,00:27:38,local_mistral
Local,Mistral-7B-v0.3,H200,3,Time,00:27:44,local_mistral
Local,Mistral-7B-v0.3,H200,4,Time,00:27:36,local_mistral
Local,Mistral-7B-v0.3,H200,5,Time,00:27:46,local_mistral
Local,Mistral-7B-v0.3,H200,6,Time,00:27:45,local_mistral
Local,Mistral-7B-v0.3,H200,7,Time,00:27:47,local_mistral
Local,Mistral-7B-v0.3,H200,8,Time,00:27:36,local_mistral
Local,Mistral-7B-v0.3,H200,9,Time,00:27:47,local_mistral
Local,Mistral-7B-v0.3,H200,10,Time,00:27:47,local_mistral
Local,Mistral-Nemo-Base-2407,A100-40GB,1,CO2eq,178.042602,local_mistral
Local,Mistral-Nemo-Base-2407,A100-40GB,2,CO2eq,182.559688,local_mistral
Local,Mistral-Nemo-Base-2407,A100-40GB,3,CO2eq,176.367523,local_mistral
Local,Mistral-Nemo-Base-2407,A100-40GB,4,CO2eq,180.567348,local_mistral
Local,Mistral-Nemo-Base-2407,A100-40GB,5,CO2eq,186.069318,local_mistral
Local,Mistral-Nemo-Base-2407,A100-40GB,6,CO2eq,177.653294,local_mistral
Local,Mistral-Nemo-Base-2407,A100-40GB,7,CO2eq,182.579358,local_mistral
Local,Mistral-Nemo-Base-2407,A100-40GB,8,CO2eq,176.551015,local_mistral
Local,Mistral-Nemo-Base-2407,A100-40GB,9,CO2eq,181.511976,local_mistral
Local,Mistral-Nemo-Base-2407,A100-40GB,10,CO2eq,187.093075,local_mistral
Local,Mistral-Nemo-Base-2407,A100-40GB,1,Distance,1.65621,local_mistral
Local,Mistral-Nemo-Base-2407,A100-40GB,2,Distance,1.69823,local_mistral
Local,Mistral-Nemo-Base-2407,A100-40GB,3,Distance,1.640628,local_mistral
Local,Mistral-Nemo-Base-2407,A100-40GB,4,Distance,1.679696,local_mistral
Local,Mistral-Nemo-Base-2407,A100-40GB,5,Distance,1.730877,local_mistral
Local,Mistral-Nemo-Base-2407,A100-40GB,6,Distance,1.652589,local_mistral
Local,Mistral-Nemo-Base-2407,A100-40GB,7,Distance,1.698413,local_mistral
Local,Mistral-Nemo-Base-2407,A100-40GB,8,Distance,1.642335,local_mistral
Local,Mistral-Nemo-Base-2407,A100-40GB,9,Distance,1.688483,local_mistral
Local,Mistral-Nemo-Base-2407,A100-40GB,10,Distance,1.740401,local_mistral
Local,Mistral-Nemo-Base-2407,A100-40GB,1,Energy,0.467364,local_mistral
Local,Mistral-Nemo-Base-2407,A100-40GB,2,Energy,0.479222,local_mistral
Local,Mistral-Nemo-Base-2407,A100-40GB,3,Energy,0.462967,local_mistral
Local,Mistral-Nemo-Base-2407,A100-40GB,4,Energy,0.473992,local_mistral
Local,Mistral-Nemo-Base-2407,A100-40GB,5,Energy,0.488434,local_mistral
Local,Mistral-Nemo-Base-2407,A100-40GB,6,Energy,0.466342,local_mistral
Local,Mistral-Nemo-Base-2407,A100-40GB,7,Energy,0.479273,local_mistral
Local,Mistral-Nemo-Base-2407,A100-40GB,8,Energy,0.463449,local_mistral
Local,Mistral-Nemo-Base-2407,A100-40GB,9,Energy,0.476471,local_mistral
Local,Mistral-Nemo-Base-2407,A100-40GB,10,Energy,0.491122,local_mistral
Local,Mistral-Nemo-Base-2407,A100-40GB,1,Time,01:02:44,local_mistral
Local,Mistral-Nemo-Base-2407,A100-40GB,2,Time,01:02:45,local_mistral
Local,Mistral-Nemo-Base-2407,A100-40GB,3,Time,01:02:40,local_mistral
Local,Mistral-Nemo-Base-2407,A100-40GB,4,Time,01:02:51,local_mistral
Local,Mistral-Nemo-Base-2407,A100-40GB,5,Time,01:02:32,local_mistral
Local,Mistral-Nemo-Base-2407,A100-40GB,6,Time,01:02:43,local_mistral
Local,Mistral-Nemo-Base-2407,A100-40GB,7,Time,01:02:36,local_mistral
Local,Mistral-Nemo-Base-2407,A100-40GB,8,Time,01:02:46,local_mistral
Local,Mistral-Nemo-Base-2407,A100-40GB,9,Time,01:02:47,local_mistral
Local,Mistral-Nemo-Base-2407,A100-40GB,10,Time,01:02:27,local_mistral
Local,Mistral-Nemo-Base-2407,A100-80GB,1,CO2eq,188.032251,local_mistral
Local,Mistral-Nemo-Base-2407,A100-80GB,2,CO2eq,186.212813,local_mistral
Local,Mistral-Nemo-Base-2407,A100-80GB,3,CO2eq,187.13626,local_mistral
Local,Mistral-Nemo-Base-2407,A100-80GB,4,CO2eq,187.046913,local_mistral
Local,Mistral-Nemo-Base-2407,A100-80GB,5,CO2eq,187.88082,local_mistral
Local,Mistral-Nemo-Base-2407,A100-80GB,6,CO2eq,185.781407,local_mistral
Local,Mistral-Nemo-Base-2407,A100-80GB,7,CO2eq,188.268569,local_mistral
Local,Mistral-Nemo-Base-2407,A100-80GB,8,CO2eq,186.428326,local_mistral
Local,Mistral-Nemo-Base-2407,A100-80GB,9,CO2eq,190.297005,local_mistral
Local,Mistral-Nemo-Base-2407,A100-80GB,10,CO2eq,188.714101,local_mistral
Local,Mistral-Nemo-Base-2407,A100-80GB,1,Distance,1.749137,local_mistral
Local,Mistral-Nemo-Base-2407,A100-80GB,2,Distance,1.732212,local_mistral
Local,Mistral-Nemo-Base-2407,A100-80GB,3,Distance,1.740802,local_mistral
Local,Mistral-Nemo-Base-2407,A100-80GB,4,Distance,1.739971,local_mistral
Local,Mistral-Nemo-Base-2407,A100-80GB,5,Distance,1.747729,local_mistral
Local,Mistral-Nemo-Base-2407,A100-80GB,6,Distance,1.728199,local_mistral
Local,Mistral-Nemo-Base-2407,A100-80GB,7,Distance,1.751336,local_mistral
Local,Mistral-Nemo-Base-2407,A100-80GB,8,Distance,1.734217,local_mistral
Local,Mistral-Nemo-Base-2407,A100-80GB,9,Distance,1.770205,local_mistral
Local,Mistral-Nemo-Base-2407,A100-80GB,10,Distance,1.75548,local_mistral
Local,Mistral-Nemo-Base-2407,A100-80GB,1,Energy,0.493587,local_mistral
Local,Mistral-Nemo-Base-2407,A100-80GB,2,Energy,0.488811,local_mistral
Local,Mistral-Nemo-Base-2407,A100-80GB,3,Energy,0.491235,local_mistral
Local,Mistral-Nemo-Base-2407,A100-80GB,4,Energy,0.491001,local_mistral
Local,Mistral-Nemo-Base-2407,A100-80GB,5,Energy,0.49319,local_mistral
Local,Mistral-Nemo-Base-2407,A100-80GB,6,Energy,0.487679,local_mistral
Local,Mistral-Nemo-Base-2407,A100-80GB,7,Energy,0.494207,local_mistral
Local,Mistral-Nemo-Base-2407,A100-80GB,8,Energy,0.489377,local_mistral
Local,Mistral-Nemo-Base-2407,A100-80GB,9,Energy,0.499532,local_mistral
Local,Mistral-Nemo-Base-2407,A100-80GB,10,Energy,0.495377,local_mistral
Local,Mistral-Nemo-Base-2407,A100-80GB,1,Time,00:58:21,local_mistral
Local,Mistral-Nemo-Base-2407,A100-80GB,2,Time,00:58:28,local_mistral
Local,Mistral-Nemo-Base-2407,A100-80GB,3,Time,00:59:13,local_mistral
Local,Mistral-Nemo-Base-2407,A100-80GB,4,Time,00:59:03,local_mistral
Local,Mistral-Nemo-Base-2407,A100-80GB,5,Time,00:58:24,local_mistral
Local,Mistral-Nemo-Base-2407,A100-80GB,6,Time,00:58:23,local_mistral
Local,Mistral-Nemo-Base-2407,A100-80GB,7,Time,00:58:30,local_mistral
Local,Mistral-Nemo-Base-2407,A100-80GB,8,Time,00:58:25,local_mistral
Local,Mistral-Nemo-Base-2407,A100-80GB,9,Time,00:58:28,local_mistral
Local,Mistral-Nemo-Base-2407,A100-80GB,10,Time,00:58:34,local_mistral
Local,Mistral-Nemo-Base-2407,A100-PCI,1,CO2eq,161.594329,local_mistral
Local,Mistral-Nemo-Base-2407,A100-PCI,2,CO2eq,160.596514,local_mistral
Local,Mistral-Nemo-Base-2407,A100-PCI,3,CO2eq,162.219718,local_mistral
Local,Mistral-Nemo-Base-2407,A100-PCI,4,CO2eq,160.920965,local_mistral
Local,Mistral-Nemo-Base-2407,A100-PCI,5,CO2eq,162.305163,local_mistral
Local,Mistral-Nemo-Base-2407,A100-PCI,6,CO2eq,161.784935,local_mistral
Local,Mistral-Nemo-Base-2407,A100-PCI,7,CO2eq,162.353461,local_mistral
Local,Mistral-Nemo-Base-2407,A100-PCI,8,CO2eq,161.610029,local_mistral
Local,Mistral-Nemo-Base-2407,A100-PCI,9,CO2eq,160.536979,local_mistral
Local,Mistral-Nemo-Base-2407,A100-PCI,10,CO2eq,161.690244,local_mistral
Local,Mistral-Nemo-Base-2407,A100-PCI,1,Distance,1.503203,local_mistral
Local,Mistral-Nemo-Base-2407,A100-PCI,2,Distance,1.493921,local_mistral
Local,Mistral-Nemo-Base-2407,A100-PCI,3,Distance,1.509021,local_mistral
Local,Mistral-Nemo-Base-2407,A100-PCI,4,Distance,1.496939,local_mistral
Local,Mistral-Nemo-Base-2407,A100-PCI,5,Distance,1.509815,local_mistral
Local,Mistral-Nemo-Base-2407,A100-PCI,6,Distance,1.504976,local_mistral
Local,Mistral-Nemo-Base-2407,A100-PCI,7,Distance,1.510265,local_mistral
Local,Mistral-Nemo-Base-2407,A100-PCI,8,Distance,1.503349,local_mistral
Local,Mistral-Nemo-Base-2407,A100-PCI,9,Distance,1.493367,local_mistral
Local,Mistral-Nemo-Base-2407,A100-PCI,10,Distance,1.504095,local_mistral
Local,Mistral-Nemo-Base-2407,A100-PCI,1,Energy,0.424187,local_mistral
Local,Mistral-Nemo-Base-2407,A100-PCI,2,Energy,0.421568,local_mistral
Local,Mistral-Nemo-Base-2407,A100-PCI,3,Energy,0.425829,local_mistral
Local,Mistral-Nemo-Base-2407,A100-PCI,4,Energy,0.42242,local_mistral
Local,Mistral-Nemo-Base-2407,A100-PCI,5,Energy,0.426053,local_mistral
Local,Mistral-Nemo-Base-2407,A100-PCI,6,Energy,0.424688,local_mistral
Local,Mistral-Nemo-Base-2407,A100-PCI,7,Energy,0.42618,local_mistral
Local,Mistral-Nemo-Base-2407,A100-PCI,8,Energy,0.424228,local_mistral
Local,Mistral-Nemo-Base-2407,A100-PCI,9,Energy,0.421412,local_mistral
Local,Mistral-Nemo-Base-2407,A100-PCI,10,Energy,0.424439,local_mistral
Local,Mistral-Nemo-Base-2407,A100-PCI,1,Time,01:04:59,local_mistral
Local,Mistral-Nemo-Base-2407,A100-PCI,2,Time,01:04:38,local_mistral
Local,Mistral-Nemo-Base-2407,A100-PCI,3,Time,01:05:16,local_mistral
Local,Mistral-Nemo-Base-2407,A100-PCI,4,Time,01:04:48,local_mistral
Local,Mistral-Nemo-Base-2407,A100-PCI,5,Time,01:05:08,local_mistral
Local,Mistral-Nemo-Base-2407,A100-PCI,6,Time,01:05:03,local_mistral
Local,Mistral-Nemo-Base-2407,A100-PCI,7,Time,01:05:17,local_mistral
Local,Mistral-Nemo-Base-2407,A100-PCI,8,Time,01:04:56,local_mistral
Local,Mistral-Nemo-Base-2407,A100-PCI,9,Time,01:04:40,local_mistral
Local,Mistral-Nemo-Base-2407,A100-PCI,10,Time,01:05:02,local_mistral
Local,Mistral-Nemo-Base-2407,H100,1,CO2eq,163.317781,local_mistral
Local,Mistral-Nemo-Base-2407,H100,2,CO2eq,164.523573,local_mistral
Local,Mistral-Nemo-Base-2407,H100,3,CO2eq,168.177892,local_mistral
Local,Mistral-Nemo-Base-2407,H100,4,CO2eq,168.476332,local_mistral
Local,Mistral-Nemo-Base-2407,H100,5,CO2eq,162.7951,local_mistral
Local,Mistral-Nemo-Base-2407,H100,6,CO2eq,164.658558,local_mistral
Local,Mistral-Nemo-Base-2407,H100,7,CO2eq,168.525152,local_mistral
Local,Mistral-Nemo-Base-2407,H100,8,CO2eq,167.358789,local_mistral
Local,Mistral-Nemo-Base-2407,H100,9,CO2eq,163.097263,local_mistral
Local,Mistral-Nemo-Base-2407,H100,10,CO2eq,164.577664,local_mistral
Local,Mistral-Nemo-Base-2407,H100,1,Distance,1.519235,local_mistral
Local,Mistral-Nemo-Base-2407,H100,2,Distance,1.530452,local_mistral
Local,Mistral-Nemo-Base-2407,H100,3,Distance,1.564446,local_mistral
Local,Mistral-Nemo-Base-2407,H100,4,Distance,1.567222,local_mistral
Local,Mistral-Nemo-Base-2407,H100,5,Distance,1.514373,local_mistral
Local,Mistral-Nemo-Base-2407,H100,6,Distance,1.531708,local_mistral
Local,Mistral-Nemo-Base-2407,H100,7,Distance,1.567676,local_mistral
Local,Mistral-Nemo-Base-2407,H100,8,Distance,1.556826,local_mistral
Local,Mistral-Nemo-Base-2407,H100,9,Distance,1.517184,local_mistral
Local,Mistral-Nemo-Base-2407,H100,10,Distance,1.530955,local_mistral
Local,Mistral-Nemo-Base-2407,H100,1,Energy,0.428711,local_mistral
Local,Mistral-Nemo-Base-2407,H100,2,Energy,0.431877,local_mistral
Local,Mistral-Nemo-Base-2407,H100,3,Energy,0.441469,local_mistral
Local,Mistral-Nemo-Base-2407,H100,4,Energy,0.442253,local_mistral
Local,Mistral-Nemo-Base-2407,H100,5,Energy,0.427339,local_mistral
Local,Mistral-Nemo-Base-2407,H100,6,Energy,0.432231,local_mistral
Local,Mistral-Nemo-Base-2407,H100,7,Energy,0.442381,local_mistral
Local,Mistral-Nemo-Base-2407,H100,8,Energy,0.439319,local_mistral
Local,Mistral-Nemo-Base-2407,H100,9,Energy,0.428132,local_mistral
Local,Mistral-Nemo-Base-2407,H100,10,Energy,0.432019,local_mistral
Local,Mistral-Nemo-Base-2407,H100,1,Time,00:34:11,local_mistral
Local,Mistral-Nemo-Base-2407,H100,2,Time,00:33:45,local_mistral
Local,Mistral-Nemo-Base-2407,H100,3,Time,00:34:06,local_mistral
Local,Mistral-Nemo-Base-2407,H100,4,Time,00:34:01,local_mistral
Local,Mistral-Nemo-Base-2407,H100,5,Time,00:34:18,local_mistral
Local,Mistral-Nemo-Base-2407,H100,6,Time,00:33:25,local_mistral
Local,Mistral-Nemo-Base-2407,H100,7,Time,00:34:12,local_mistral
Local,Mistral-Nemo-Base-2407,H100,8,Time,00:34:14,local_mistral
Local,Mistral-Nemo-Base-2407,H100,9,Time,00:34:13,local_mistral
Local,Mistral-Nemo-Base-2407,H100,10,Time,00:33:26,local_mistral
Local,Mistral-Nemo-Base-2407,H100-PCI,1,CO2eq,139.724187,local_mistral
Local,Mistral-Nemo-Base-2407,H100-PCI,2,CO2eq,142.220032,local_mistral
Local,Mistral-Nemo-Base-2407,H100-PCI,3,CO2eq,140.142654,local_mistral
Local,Mistral-Nemo-Base-2407,H100-PCI,4,CO2eq,143.422995,local_mistral
Local,Mistral-Nemo-Base-2407,H100-PCI,5,CO2eq,142.315483,local_mistral
Local,Mistral-Nemo-Base-2407,H100-PCI,6,CO2eq,140.004203,local_mistral
Local,Mistral-Nemo-Base-2407,H100-PCI,7,CO2eq,142.450208,local_mistral
Local,Mistral-Nemo-Base-2407,H100-PCI,8,CO2eq,141.277864,local_mistral
Local,Mistral-Nemo-Base-2407,H100-PCI,9,CO2eq,143.651143,local_mistral
Local,Mistral-Nemo-Base-2407,H100-PCI,10,CO2eq,142.280776,local_mistral
Local,Mistral-Nemo-Base-2407,H100-PCI,1,Distance,1.29976,local_mistral
Local,Mistral-Nemo-Base-2407,H100-PCI,2,Distance,1.322977,local_mistral
Local,Mistral-Nemo-Base-2407,H100-PCI,3,Distance,1.303653,local_mistral
Local,Mistral-Nemo-Base-2407,H100-PCI,4,Distance,1.334167,local_mistral
Local,Mistral-Nemo-Base-2407,H100-PCI,5,Distance,1.323865,local_mistral
Local,Mistral-Nemo-Base-2407,H100-PCI,6,Distance,1.302365,local_mistral
Local,Mistral-Nemo-Base-2407,H100-PCI,7,Distance,1.325118,local_mistral
Local,Mistral-Nemo-Base-2407,H100-PCI,8,Distance,1.314213,local_mistral
Local,Mistral-Nemo-Base-2407,H100-PCI,9,Distance,1.33629,local_mistral
Local,Mistral-Nemo-Base-2407,H100-PCI,10,Distance,1.323542,local_mistral
Local,Mistral-Nemo-Base-2407,H100-PCI,1,Energy,0.366778,local_mistral
Local,Mistral-Nemo-Base-2407,H100-PCI,2,Energy,0.373329,local_mistral
Local,Mistral-Nemo-Base-2407,H100-PCI,3,Energy,0.367876,local_mistral
Local,Mistral-Nemo-Base-2407,H100-PCI,4,Energy,0.376487,local_mistral
Local,Mistral-Nemo-Base-2407,H100-PCI,5,Energy,0.37358,local_mistral
Local,Mistral-Nemo-Base-2407,H100-PCI,6,Energy,0.367513,local_mistral
Local,Mistral-Nemo-Base-2407,H100-PCI,7,Energy,0.373934,local_mistral
Local,Mistral-Nemo-Base-2407,H100-PCI,8,Energy,0.370856,local_mistral
Local,Mistral-Nemo-Base-2407,H100-PCI,9,Energy,0.377086,local_mistral
Local,Mistral-Nemo-Base-2407,H100-PCI,10,Energy,0.373489,local_mistral
Local,Mistral-Nemo-Base-2407,H100-PCI,1,Time,00:37:02,local_mistral
Local,Mistral-Nemo-Base-2407,H100-PCI,2,Time,00:37:17,local_mistral
Local,Mistral-Nemo-Base-2407,H100-PCI,3,Time,00:37:07,local_mistral
Local,Mistral-Nemo-Base-2407,H100-PCI,4,Time,00:37:29,local_mistral
Local,Mistral-Nemo-Base-2407,H100-PCI,5,Time,00:37:24,local_mistral
Local,Mistral-Nemo-Base-2407,H100-PCI,6,Time,00:37:04,local_mistral
Local,Mistral-Nemo-Base-2407,H100-PCI,7,Time,00:37:23,local_mistral
Local,Mistral-Nemo-Base-2407,H100-PCI,8,Time,00:37:18,local_mistral
Local,Mistral-Nemo-Base-2407,H100-PCI,9,Time,00:37:29,local_mistral
Local,Mistral-Nemo-Base-2407,H100-PCI,10,Time,00:37:16,local_mistral
Local,Mistral-Nemo-Base-2407,H200,1,CO2eq,162.698749,local_mistral
Local,Mistral-Nemo-Base-2407,H200,2,CO2eq,165.904236,local_mistral
Local,Mistral-Nemo-Base-2407,H200,3,CO2eq,162.124334,local_mistral
Local,Mistral-Nemo-Base-2407,H200,4,CO2eq,161.87584,local_mistral
Local,Mistral-Nemo-Base-2407,H200,5,CO2eq,162.481476,local_mistral
Local,Mistral-Nemo-Base-2407,H200,6,CO2eq,165.602215,local_mistral
Local,Mistral-Nemo-Base-2407,H200,7,CO2eq,162.40594,local_mistral
Local,Mistral-Nemo-Base-2407,H200,8,CO2eq,162.099703,local_mistral
Local,Mistral-Nemo-Base-2407,H200,9,CO2eq,162.811525,local_mistral
Local,Mistral-Nemo-Base-2407,H200,10,CO2eq,166.002222,local_mistral
Local,Mistral-Nemo-Base-2407,H200,1,Distance,1.513477,local_mistral
Local,Mistral-Nemo-Base-2407,H200,2,Distance,1.543295,local_mistral
Local,Mistral-Nemo-Base-2407,H200,3,Distance,1.508133,local_mistral
Local,Mistral-Nemo-Base-2407,H200,4,Distance,1.505822,local_mistral
Local,Mistral-Nemo-Base-2407,H200,5,Distance,1.511456,local_mistral
Local,Mistral-Nemo-Base-2407,H200,6,Distance,1.540486,local_mistral
Local,Mistral-Nemo-Base-2407,H200,7,Distance,1.510753,local_mistral
Local,Mistral-Nemo-Base-2407,H200,8,Distance,1.507904,local_mistral
Local,Mistral-Nemo-Base-2407,H200,9,Distance,1.514526,local_mistral
Local,Mistral-Nemo-Base-2407,H200,10,Distance,1.544207,local_mistral
Local,Mistral-Nemo-Base-2407,H200,1,Energy,0.427086,local_mistral
Local,Mistral-Nemo-Base-2407,H200,2,Energy,0.435501,local_mistral
Local,Mistral-Nemo-Base-2407,H200,3,Energy,0.425579,local_mistral
Local,Mistral-Nemo-Base-2407,H200,4,Energy,0.424926,local_mistral
Local,Mistral-Nemo-Base-2407,H200,5,Energy,0.426516,local_mistral
Local,Mistral-Nemo-Base-2407,H200,6,Energy,0.434708,local_mistral
Local,Mistral-Nemo-Base-2407,H200,7,Energy,0.426318,local_mistral
Local,Mistral-Nemo-Base-2407,H200,8,Energy,0.425514,local_mistral
Local,Mistral-Nemo-Base-2407,H200,9,Energy,0.427382,local_mistral
Local,Mistral-Nemo-Base-2407,H200,10,Energy,0.435758,local_mistral
Local,Mistral-Nemo-Base-2407,H200,1,Time,00:31:46,local_mistral
Local,Mistral-Nemo-Base-2407,H200,2,Time,00:32:02,local_mistral
Local,Mistral-Nemo-Base-2407,H200,3,Time,00:31:52,local_mistral
Local,Mistral-Nemo-Base-2407,H200,4,Time,00:31:49,local_mistral
Local,Mistral-Nemo-Base-2407,H200,5,Time,00:31:46,local_mistral
Local,Mistral-Nemo-Base-2407,H200,6,Time,00:32:04,local_mistral
Local,Mistral-Nemo-Base-2407,H200,7,Time,00:32:01,local_mistral
Local,Mistral-Nemo-Base-2407,H200,8,Time,00:31:56,local_mistral
Local,Mistral-Nemo-Base-2407,H200,9,Time,00:31:50,local_mistral
Local,Mistral-Nemo-Base-2407,H200,10,Time,00:31:57,local_mistral
Local,Mistral-Nemo-Instruct-2407,A100-40GB,1,CO2eq,180.987998,local_mistral
Local,Mistral-Nemo-Instruct-2407,A100-40GB,2,CO2eq,186.571228,local_mistral
Local,Mistral-Nemo-Instruct-2407,A100-40GB,3,CO2eq,180.534859,local_mistral
Local,Mistral-Nemo-Instruct-2407,A100-40GB,4,CO2eq,185.026746,local_mistral
Local,Mistral-Nemo-Instruct-2407,A100-40GB,5,CO2eq,190.687661,local_mistral
Local,Mistral-Nemo-Instruct-2407,A100-40GB,6,CO2eq,181.398791,local_mistral
Local,Mistral-Nemo-Instruct-2407,A100-40GB,7,CO2eq,186.805114,local_mistral
Local,Mistral-Nemo-Instruct-2407,A100-40GB,8,CO2eq,181.818245,local_mistral
Local,Mistral-Nemo-Instruct-2407,A100-40GB,9,CO2eq,185.837635,local_mistral
Local,Mistral-Nemo-Instruct-2407,A100-40GB,10,CO2eq,186.800038,local_mistral
Local,Mistral-Nemo-Instruct-2407,A100-40GB,1,Distance,1.683609,local_mistral
Local,Mistral-Nemo-Instruct-2407,A100-40GB,2,Distance,1.735546,local_mistral
Local,Mistral-Nemo-Instruct-2407,A100-40GB,3,Distance,1.679394,local_mistral
Local,Mistral-Nemo-Instruct-2407,A100-40GB,4,Distance,1.721179,local_mistral
Local,Mistral-Nemo-Instruct-2407,A100-40GB,5,Distance,1.773839,local_mistral
Local,Mistral-Nemo-Instruct-2407,A100-40GB,6,Distance,1.687431,local_mistral
Local,Mistral-Nemo-Instruct-2407,A100-40GB,7,Distance,1.737722,local_mistral
Local,Mistral-Nemo-Instruct-2407,A100-40GB,8,Distance,1.691333,local_mistral
Local,Mistral-Nemo-Instruct-2407,A100-40GB,9,Distance,1.728722,local_mistral
Local,Mistral-Nemo-Instruct-2407,A100-40GB,10,Distance,1.737675,local_mistral
Local,Mistral-Nemo-Instruct-2407,A100-40GB,1,Energy,0.475096,local_mistral
Local,Mistral-Nemo-Instruct-2407,A100-40GB,2,Energy,0.489752,local_mistral
Local,Mistral-Nemo-Instruct-2407,A100-40GB,3,Energy,0.473906,local_mistral
Local,Mistral-Nemo-Instruct-2407,A100-40GB,4,Energy,0.485698,local_mistral
Local,Mistral-Nemo-Instruct-2407,A100-40GB,5,Energy,0.500558,local_mistral
Local,Mistral-Nemo-Instruct-2407,A100-40GB,6,Energy,0.476174,local_mistral
Local,Mistral-Nemo-Instruct-2407,A100-40GB,7,Energy,0.490366,local_mistral
Local,Mistral-Nemo-Instruct-2407,A100-40GB,8,Energy,0.477275,local_mistral
Local,Mistral-Nemo-Instruct-2407,A100-40GB,9,Energy,0.487826,local_mistral
Local,Mistral-Nemo-Instruct-2407,A100-40GB,10,Energy,0.490353,local_mistral
Local,Mistral-Nemo-Instruct-2407,A100-40GB,1,Time,01:04:22,local_mistral
Local,Mistral-Nemo-Instruct-2407,A100-40GB,2,Time,01:04:23,local_mistral
Local,Mistral-Nemo-Instruct-2407,A100-40GB,3,Time,01:04:34,local_mistral
Local,Mistral-Nemo-Instruct-2407,A100-40GB,4,Time,01:04:27,local_mistral
Local,Mistral-Nemo-Instruct-2407,A100-40GB,5,Time,01:04:11,local_mistral
Local,Mistral-Nemo-Instruct-2407,A100-40GB,6,Time,01:04:39,local_mistral
Local,Mistral-Nemo-Instruct-2407,A100-40GB,7,Time,01:04:32,local_mistral
Local,Mistral-Nemo-Instruct-2407,A100-40GB,8,Time,01:04:21,local_mistral
Local,Mistral-Nemo-Instruct-2407,A100-40GB,9,Time,01:04:19,local_mistral
Local,Mistral-Nemo-Instruct-2407,A100-40GB,10,Time,01:04:23,local_mistral
Local,Mistral-Nemo-Instruct-2407,A100-80GB,1,CO2eq,192.491965,local_mistral
Local,Mistral-Nemo-Instruct-2407,A100-80GB,2,CO2eq,196.616636,local_mistral
Local,Mistral-Nemo-Instruct-2407,A100-80GB,3,CO2eq,193.033973,local_mistral
Local,Mistral-Nemo-Instruct-2407,A100-80GB,4,CO2eq,194.790359,local_mistral
Local,Mistral-Nemo-Instruct-2407,A100-80GB,5,CO2eq,195.028467,local_mistral
Local,Mistral-Nemo-Instruct-2407,A100-80GB,6,CO2eq,191.710204,local_mistral
Local,Mistral-Nemo-Instruct-2407,A100-80GB,7,CO2eq,191.192653,local_mistral
Local,Mistral-Nemo-Instruct-2407,A100-80GB,8,CO2eq,192.636152,local_mistral
Local,Mistral-Nemo-Instruct-2407,A100-80GB,9,CO2eq,190.951905,local_mistral
Local,Mistral-Nemo-Instruct-2407,A100-80GB,10,CO2eq,192.234145,local_mistral
Local,Mistral-Nemo-Instruct-2407,A100-80GB,1,Distance,1.790623,local_mistral
Local,Mistral-Nemo-Instruct-2407,A100-80GB,2,Distance,1.828992,local_mistral
Local,Mistral-Nemo-Instruct-2407,A100-80GB,3,Distance,1.795665,local_mistral
Local,Mistral-Nemo-Instruct-2407,A100-80GB,4,Distance,1.812003,local_mistral
Local,Mistral-Nemo-Instruct-2407,A100-80GB,5,Distance,1.814218,local_mistral
Local,Mistral-Nemo-Instruct-2407,A100-80GB,6,Distance,1.783351,local_mistral
Local,Mistral-Nemo-Instruct-2407,A100-80GB,7,Distance,1.778536,local_mistral
Local,Mistral-Nemo-Instruct-2407,A100-80GB,8,Distance,1.791964,local_mistral
Local,Mistral-Nemo-Instruct-2407,A100-80GB,9,Distance,1.776297,local_mistral
Local,Mistral-Nemo-Instruct-2407,A100-80GB,10,Distance,1.788225,local_mistral
Local,Mistral-Nemo-Instruct-2407,A100-80GB,1,Energy,0.505294,local_mistral
Local,Mistral-Nemo-Instruct-2407,A100-80GB,2,Energy,0.516121,local_mistral
Local,Mistral-Nemo-Instruct-2407,A100-80GB,3,Energy,0.506717,local_mistral
Local,Mistral-Nemo-Instruct-2407,A100-80GB,4,Energy,0.511327,local_mistral
Local,Mistral-Nemo-Instruct-2407,A100-80GB,5,Energy,0.511952,local_mistral
Local,Mistral-Nemo-Instruct-2407,A100-80GB,6,Energy,0.503242,local_mistral
Local,Mistral-Nemo-Instruct-2407,A100-80GB,7,Energy,0.501883,local_mistral
Local,Mistral-Nemo-Instruct-2407,A100-80GB,8,Energy,0.505672,local_mistral
Local,Mistral-Nemo-Instruct-2407,A100-80GB,9,Energy,0.501251,local_mistral
Local,Mistral-Nemo-Instruct-2407,A100-80GB,10,Energy,0.504617,local_mistral
Local,Mistral-Nemo-Instruct-2407,A100-80GB,1,Time,01:00:36,local_mistral
Local,Mistral-Nemo-Instruct-2407,A100-80GB,2,Time,01:00:17,local_mistral
Local,Mistral-Nemo-Instruct-2407,A100-80GB,3,Time,01:00:02,local_mistral
Local,Mistral-Nemo-Instruct-2407,A100-80GB,4,Time,01:00:36,local_mistral
Local,Mistral-Nemo-Instruct-2407,A100-80GB,5,Time,01:00:06,local_mistral
Local,Mistral-Nemo-Instruct-2407,A100-80GB,6,Time,01:00:16,local_mistral
Local,Mistral-Nemo-Instruct-2407,A100-80GB,7,Time,01:00:07,local_mistral
Local,Mistral-Nemo-Instruct-2407,A100-80GB,8,Time,00:59:56,local_mistral
Local,Mistral-Nemo-Instruct-2407,A100-80GB,9,Time,01:00:04,local_mistral
Local,Mistral-Nemo-Instruct-2407,A100-80GB,10,Time,01:00:03,local_mistral
Local,Mistral-Nemo-Instruct-2407,A100-PCI,1,CO2eq,164.794241,local_mistral
Local,Mistral-Nemo-Instruct-2407,A100-PCI,2,CO2eq,166.843978,local_mistral
Local,Mistral-Nemo-Instruct-2407,A100-PCI,3,CO2eq,166.102701,local_mistral
Local,Mistral-Nemo-Instruct-2407,A100-PCI,4,CO2eq,166.800449,local_mistral
Local,Mistral-Nemo-Instruct-2407,A100-PCI,5,CO2eq,165.699278,local_mistral
Local,Mistral-Nemo-Instruct-2407,A100-PCI,6,CO2eq,165.376543,local_mistral
Local,Mistral-Nemo-Instruct-2407,A100-PCI,7,CO2eq,164.186024,local_mistral
Local,Mistral-Nemo-Instruct-2407,A100-PCI,8,CO2eq,165.643289,local_mistral
Local,Mistral-Nemo-Instruct-2407,A100-PCI,9,CO2eq,166.174124,local_mistral
Local,Mistral-Nemo-Instruct-2407,A100-PCI,10,CO2eq,165.083342,local_mistral
Local,Mistral-Nemo-Instruct-2407,A100-PCI,1,Distance,1.53297,local_mistral
Local,Mistral-Nemo-Instruct-2407,A100-PCI,2,Distance,1.552037,local_mistral
Local,Mistral-Nemo-Instruct-2407,A100-PCI,3,Distance,1.545141,local_mistral
Local,Mistral-Nemo-Instruct-2407,A100-PCI,4,Distance,1.551632,local_mistral
Local,Mistral-Nemo-Instruct-2407,A100-PCI,5,Distance,1.541389,local_mistral
Local,Mistral-Nemo-Instruct-2407,A100-PCI,6,Distance,1.538386,local_mistral
Local,Mistral-Nemo-Instruct-2407,A100-PCI,7,Distance,1.527312,local_mistral
Local,Mistral-Nemo-Instruct-2407,A100-PCI,8,Distance,1.540868,local_mistral
Local,Mistral-Nemo-Instruct-2407,A100-PCI,9,Distance,1.545806,local_mistral
Local,Mistral-Nemo-Instruct-2407,A100-PCI,10,Distance,1.535659,local_mistral
Local,Mistral-Nemo-Instruct-2407,A100-PCI,1,Energy,0.432587,local_mistral
Local,Mistral-Nemo-Instruct-2407,A100-PCI,2,Energy,0.437968,local_mistral
Local,Mistral-Nemo-Instruct-2407,A100-PCI,3,Energy,0.436022,local_mistral
Local,Mistral-Nemo-Instruct-2407,A100-PCI,4,Energy,0.437853,local_mistral
Local,Mistral-Nemo-Instruct-2407,A100-PCI,5,Energy,0.434963,local_mistral
Local,Mistral-Nemo-Instruct-2407,A100-PCI,6,Energy,0.434116,local_mistral
Local,Mistral-Nemo-Instruct-2407,A100-PCI,7,Energy,0.43099,local_mistral
Local,Mistral-Nemo-Instruct-2407,A100-PCI,8,Energy,0.434816,local_mistral
Local,Mistral-Nemo-Instruct-2407,A100-PCI,9,Energy,0.436209,local_mistral
Local,Mistral-Nemo-Instruct-2407,A100-PCI,10,Energy,0.433346,local_mistral
Local,Mistral-Nemo-Instruct-2407,A100-PCI,1,Time,01:06:28,local_mistral
Local,Mistral-Nemo-Instruct-2407,A100-PCI,2,Time,01:07:06,local_mistral
Local,Mistral-Nemo-Instruct-2407,A100-PCI,3,Time,01:06:51,local_mistral
Local,Mistral-Nemo-Instruct-2407,A100-PCI,4,Time,01:07:06,local_mistral
Local,Mistral-Nemo-Instruct-2407,A100-PCI,5,Time,01:06:41,local_mistral
Local,Mistral-Nemo-Instruct-2407,A100-PCI,6,Time,01:06:35,local_mistral
Local,Mistral-Nemo-Instruct-2407,A100-PCI,7,Time,01:06:15,local_mistral
Local,Mistral-Nemo-Instruct-2407,A100-PCI,8,Time,01:06:38,local_mistral
Local,Mistral-Nemo-Instruct-2407,A100-PCI,9,Time,01:06:56,local_mistral
Local,Mistral-Nemo-Instruct-2407,A100-PCI,10,Time,01:06:38,local_mistral
Local,Mistral-Nemo-Instruct-2407,H100,1,CO2eq,176.757156,local_mistral
Local,Mistral-Nemo-Instruct-2407,H100,2,CO2eq,175.03579,local_mistral
Local,Mistral-Nemo-Instruct-2407,H100,3,CO2eq,171.252724,local_mistral
Local,Mistral-Nemo-Instruct-2407,H100,4,CO2eq,173.074558,local_mistral
Local,Mistral-Nemo-Instruct-2407,H100,5,CO2eq,172.401503,local_mistral
Local,Mistral-Nemo-Instruct-2407,H100,6,CO2eq,177.512347,local_mistral
Local,Mistral-Nemo-Instruct-2407,H100,7,CO2eq,176.145445,local_mistral
Local,Mistral-Nemo-Instruct-2407,H100,8,CO2eq,170.686446,local_mistral
Local,Mistral-Nemo-Instruct-2407,H100,9,CO2eq,173.427091,local_mistral
Local,Mistral-Nemo-Instruct-2407,H100,10,CO2eq,172.011405,local_mistral
Local,Mistral-Nemo-Instruct-2407,H100,1,Distance,1.644253,local_mistral
Local,Mistral-Nemo-Instruct-2407,H100,2,Distance,1.62824,local_mistral
Local,Mistral-Nemo-Instruct-2407,H100,3,Distance,1.593049,local_mistral
Local,Mistral-Nemo-Instruct-2407,H100,4,Distance,1.609996,local_mistral
Local,Mistral-Nemo-Instruct-2407,H100,5,Distance,1.603735,local_mistral
Local,Mistral-Nemo-Instruct-2407,H100,6,Distance,1.651278,local_mistral
Local,Mistral-Nemo-Instruct-2407,H100,7,Distance,1.638562,local_mistral
Local,Mistral-Nemo-Instruct-2407,H100,8,Distance,1.587781,local_mistral
Local,Mistral-Nemo-Instruct-2407,H100,9,Distance,1.613275,local_mistral
Local,Mistral-Nemo-Instruct-2407,H100,10,Distance,1.600106,local_mistral
Local,Mistral-Nemo-Instruct-2407,H100,1,Energy,0.46399,local_mistral
Local,Mistral-Nemo-Instruct-2407,H100,2,Energy,0.459471,local_mistral
Local,Mistral-Nemo-Instruct-2407,H100,3,Energy,0.449541,local_mistral
Local,Mistral-Nemo-Instruct-2407,H100,4,Energy,0.454323,local_mistral
Local,Mistral-Nemo-Instruct-2407,H100,5,Energy,0.452556,local_mistral
Local,Mistral-Nemo-Instruct-2407,H100,6,Energy,0.465972,local_mistral
Local,Mistral-Nemo-Instruct-2407,H100,7,Energy,0.462384,local_mistral
Local,Mistral-Nemo-Instruct-2407,H100,8,Energy,0.448054,local_mistral
Local,Mistral-Nemo-Instruct-2407,H100,9,Energy,0.455248,local_mistral
Local,Mistral-Nemo-Instruct-2407,H100,10,Energy,0.451532,local_mistral
Local,Mistral-Nemo-Instruct-2407,H100,1,Time,00:35:58,local_mistral
Local,Mistral-Nemo-Instruct-2407,H100,2,Time,00:36:14,local_mistral
Local,Mistral-Nemo-Instruct-2407,H100,3,Time,00:35:37,local_mistral
Local,Mistral-Nemo-Instruct-2407,H100,4,Time,00:35:13,local_mistral
Local,Mistral-Nemo-Instruct-2407,H100,5,Time,00:35:11,local_mistral
Local,Mistral-Nemo-Instruct-2407,H100,6,Time,00:36:04,local_mistral
Local,Mistral-Nemo-Instruct-2407,H100,7,Time,00:35:48,local_mistral
Local,Mistral-Nemo-Instruct-2407,H100,8,Time,00:35:58,local_mistral
Local,Mistral-Nemo-Instruct-2407,H100,9,Time,00:35:18,local_mistral
Local,Mistral-Nemo-Instruct-2407,H100,10,Time,00:35:23,local_mistral
Local,Mistral-Nemo-Instruct-2407,H100-PCI,1,CO2eq,146.128404,local_mistral
Local,Mistral-Nemo-Instruct-2407,H100-PCI,2,CO2eq,147.76855,local_mistral
Local,Mistral-Nemo-Instruct-2407,H100-PCI,3,CO2eq,148.286076,local_mistral
Local,Mistral-Nemo-Instruct-2407,H100-PCI,4,CO2eq,147.429072,local_mistral
Local,Mistral-Nemo-Instruct-2407,H100-PCI,5,CO2eq,150.06834,local_mistral
Local,Mistral-Nemo-Instruct-2407,H100-PCI,6,CO2eq,148.552847,local_mistral
Local,Mistral-Nemo-Instruct-2407,H100-PCI,7,CO2eq,145.602133,local_mistral
Local,Mistral-Nemo-Instruct-2407,H100-PCI,8,CO2eq,148.323631,local_mistral
Local,Mistral-Nemo-Instruct-2407,H100-PCI,9,CO2eq,150.323361,local_mistral
Local,Mistral-Nemo-Instruct-2407,H100-PCI,10,CO2eq,145.994341,local_mistral
Local,Mistral-Nemo-Instruct-2407,H100-PCI,1,Distance,1.359334,local_mistral
Local,Mistral-Nemo-Instruct-2407,H100-PCI,2,Distance,1.374591,local_mistral
Local,Mistral-Nemo-Instruct-2407,H100-PCI,3,Distance,1.379405,local_mistral
Local,Mistral-Nemo-Instruct-2407,H100-PCI,4,Distance,1.371433,local_mistral
Local,Mistral-Nemo-Instruct-2407,H100-PCI,5,Distance,1.395985,local_mistral
Local,Mistral-Nemo-Instruct-2407,H100-PCI,6,Distance,1.381887,local_mistral
Local,Mistral-Nemo-Instruct-2407,H100-PCI,7,Distance,1.354438,local_mistral
Local,Mistral-Nemo-Instruct-2407,H100-PCI,8,Distance,1.379755,local_mistral
Local,Mistral-Nemo-Instruct-2407,H100-PCI,9,Distance,1.398357,local_mistral
Local,Mistral-Nemo-Instruct-2407,H100-PCI,10,Distance,1.358087,local_mistral
Local,Mistral-Nemo-Instruct-2407,H100-PCI,1,Energy,0.383589,local_mistral
Local,Mistral-Nemo-Instruct-2407,H100-PCI,2,Energy,0.387894,local_mistral
Local,Mistral-Nemo-Instruct-2407,H100-PCI,3,Energy,0.389253,local_mistral
Local,Mistral-Nemo-Instruct-2407,H100-PCI,4,Energy,0.387003,local_mistral
Local,Mistral-Nemo-Instruct-2407,H100-PCI,5,Energy,0.393931,local_mistral
Local,Mistral-Nemo-Instruct-2407,H100-PCI,6,Energy,0.389953,local_mistral
Local,Mistral-Nemo-Instruct-2407,H100-PCI,7,Energy,0.382208,local_mistral
Local,Mistral-Nemo-Instruct-2407,H100-PCI,8,Energy,0.389351,local_mistral
Local,Mistral-Nemo-Instruct-2407,H100-PCI,9,Energy,0.394601,local_mistral
Local,Mistral-Nemo-Instruct-2407,H100-PCI,10,Energy,0.383237,local_mistral
Local,Mistral-Nemo-Instruct-2407,H100-PCI,1,Time,00:39:09,local_mistral
Local,Mistral-Nemo-Instruct-2407,H100-PCI,2,Time,00:39:10,local_mistral
Local,Mistral-Nemo-Instruct-2407,H100-PCI,3,Time,00:39:11,local_mistral
Local,Mistral-Nemo-Instruct-2407,H100-PCI,4,Time,00:39:11,local_mistral
Local,Mistral-Nemo-Instruct-2407,H100-PCI,5,Time,00:39:32,local_mistral
Local,Mistral-Nemo-Instruct-2407,H100-PCI,6,Time,00:39:14,local_mistral
Local,Mistral-Nemo-Instruct-2407,H100-PCI,7,Time,00:38:56,local_mistral
Local,Mistral-Nemo-Instruct-2407,H100-PCI,8,Time,00:39:16,local_mistral
Local,Mistral-Nemo-Instruct-2407,H100-PCI,9,Time,00:39:34,local_mistral
Local,Mistral-Nemo-Instruct-2407,H100-PCI,10,Time,00:39:01,local_mistral
Local,Mistral-Nemo-Instruct-2407,H200,1,CO2eq,170.086913,local_mistral
Local,Mistral-Nemo-Instruct-2407,H200,2,CO2eq,169.186128,local_mistral
Local,Mistral-Nemo-Instruct-2407,H200,3,CO2eq,164.650671,local_mistral
Local,Mistral-Nemo-Instruct-2407,H200,4,CO2eq,167.862283,local_mistral
Local,Mistral-Nemo-Instruct-2407,H200,5,CO2eq,172.185461,local_mistral
Local,Mistral-Nemo-Instruct-2407,H200,6,CO2eq,169.989836,local_mistral
Local,Mistral-Nemo-Instruct-2407,H200,7,CO2eq,170.021785,local_mistral
Local,Mistral-Nemo-Instruct-2407,H200,8,CO2eq,172.337743,local_mistral
Local,Mistral-Nemo-Instruct-2407,H200,9,CO2eq,169.607875,local_mistral
Local,Mistral-Nemo-Instruct-2407,H200,10,CO2eq,164.653347,local_mistral
Local,Mistral-Nemo-Instruct-2407,H200,1,Distance,1.582204,local_mistral
Local,Mistral-Nemo-Instruct-2407,H200,2,Distance,1.573824,local_mistral
Local,Mistral-Nemo-Instruct-2407,H200,3,Distance,1.531634,local_mistral
Local,Mistral-Nemo-Instruct-2407,H200,4,Distance,1.56151,local_mistral
Local,Mistral-Nemo-Instruct-2407,H200,5,Distance,1.601725,local_mistral
Local,Mistral-Nemo-Instruct-2407,H200,6,Distance,1.581301,local_mistral
Local,Mistral-Nemo-Instruct-2407,H200,7,Distance,1.581598,local_mistral
Local,Mistral-Nemo-Instruct-2407,H200,8,Distance,1.603142,local_mistral
Local,Mistral-Nemo-Instruct-2407,H200,9,Distance,1.577748,local_mistral
Local,Mistral-Nemo-Instruct-2407,H200,10,Distance,1.531659,local_mistral
Local,Mistral-Nemo-Instruct-2407,H200,1,Energy,0.44648,local_mistral
Local,Mistral-Nemo-Instruct-2407,H200,2,Energy,0.444116,local_mistral
Local,Mistral-Nemo-Instruct-2407,H200,3,Energy,0.43221,local_mistral
Local,Mistral-Nemo-Instruct-2407,H200,4,Energy,0.440641,local_mistral
Local,Mistral-Nemo-Instruct-2407,H200,5,Energy,0.451989,local_mistral
Local,Mistral-Nemo-Instruct-2407,H200,6,Energy,0.446226,local_mistral
Local,Mistral-Nemo-Instruct-2407,H200,7,Energy,0.446309,local_mistral
Local,Mistral-Nemo-Instruct-2407,H200,8,Energy,0.452389,local_mistral
Local,Mistral-Nemo-Instruct-2407,H200,9,Energy,0.445223,local_mistral
Local,Mistral-Nemo-Instruct-2407,H200,10,Energy,0.432217,local_mistral
Local,Mistral-Nemo-Instruct-2407,H200,1,Time,00:33:44,local_mistral
Local,Mistral-Nemo-Instruct-2407,H200,2,Time,00:33:30,local_mistral
Local,Mistral-Nemo-Instruct-2407,H200,3,Time,00:33:42,local_mistral
Local,Mistral-Nemo-Instruct-2407,H200,4,Time,00:33:36,local_mistral
Local,Mistral-Nemo-Instruct-2407,H200,5,Time,00:33:36,local_mistral
Local,Mistral-Nemo-Instruct-2407,H200,6,Time,00:33:33,local_mistral
Local,Mistral-Nemo-Instruct-2407,H200,7,Time,00:33:31,local_mistral
Local,Mistral-Nemo-Instruct-2407,H200,8,Time,00:33:52,local_mistral
Local,Mistral-Nemo-Instruct-2407,H200,9,Time,00:33:30,local_mistral
Local,Mistral-Nemo-Instruct-2407,H200,10,Time,00:33:50,local_mistral
API,open-mistral-7b,N/A,1,CO2eq,0.0,mistral_api
API,open-mistral-7b,N/A,2,CO2eq,0.0,mistral_api
API,open-mistral-7b,N/A,3,CO2eq,0.0,mistral_api
API,open-mistral-7b,N/A,4,CO2eq,0.0,mistral_api
API,open-mistral-7b,N/A,5,CO2eq,0.0,mistral_api
API,open-mistral-7b,N/A,6,CO2eq,0.0,mistral_api
API,open-mistral-7b,N/A,7,CO2eq,0.0,mistral_api
API,open-mistral-7b,N/A,8,CO2eq,0.0,mistral_api
API,open-mistral-7b,N/A,9,CO2eq,0.0,mistral_api
API,open-mistral-7b,N/A,10,CO2eq,0.0,mistral_api
API,open-mistral-7b,N/A,1,Distance,0.0,mistral_api
API,open-mistral-7b,N/A,2,Distance,0.0,mistral_api
API,open-mistral-7b,N/A,3,Distance,0.0,mistral_api
API,open-mistral-7b,N/A,4,Distance,0.0,mistral_api
API,open-mistral-7b,N/A,5,Distance,0.0,mistral_api
API,open-mistral-7b,N/A,6,Distance,0.0,mistral_api
API,open-mistral-7b,N/A,7,Distance,0.0,mistral_api
API,open-mistral-7b,N/A,8,Distance,0.0,mistral_api
API,open-mistral-7b,N/A,9,Distance,0.0,mistral_api
API,open-mistral-7b,N/A,10,Distance,0.0,mistral_api
API,open-mistral-7b,N/A,1,Energy,0.0,mistral_api
API,open-mistral-7b,N/A,2,Energy,0.0,mistral_api
API,open-mistral-7b,N/A,3,Energy,0.0,mistral_api
API,open-mistral-7b,N/A,4,Energy,0.0,mistral_api
API,open-mistral-7b,N/A,5,Energy,0.0,mistral_api
API,open-mistral-7b,N/A,6,Energy,0.0,mistral_api
API,open-mistral-7b,N/A,7,Energy,0.0,mistral_api
API,open-mistral-7b,N/A,8,Energy,0.0,mistral_api
API,open-mistral-7b,N/A,9,Energy,0.0,mistral_api
API,open-mistral-7b,N/A,10,Energy,0.0,mistral_api
API,open-mistral-7b,N/A,1,Time,00:12:30,mistral_api
API,open-mistral-7b,N/A,2,Time,00:11:19,mistral_api
API,open-mistral-7b,N/A,3,Time,00:11:15,mistral_api
API,open-mistral-7b,N/A,4,Time,00:13:41,mistral_api
API,open-mistral-7b,N/A,5,Time,00:12:01,mistral_api
API,open-mistral-7b,N/A,6,Time,00:11:25,mistral_api
API,open-mistral-7b,N/A,7,Time,00:11:31,mistral_api
API,open-mistral-7b,N/A,8,Time,00:11:54,mistral_api
API,open-mistral-7b,N/A,9,Time,00:11:46,mistral_api
API,open-mistral-7b,N/A,10,Time,00:12:14,mistral_api
API,open-mistral-nemo,N/A,1,CO2eq,0.0,mistral_api
API,open-mistral-nemo,N/A,2,CO2eq,0.0,mistral_api
API,open-mistral-nemo,N/A,3,CO2eq,0.0,mistral_api
API,open-mistral-nemo,N/A,4,CO2eq,0.0,mistral_api
API,open-mistral-nemo,N/A,5,CO2eq,0.0,mistral_api
API,open-mistral-nemo,N/A,6,CO2eq,0.0,mistral_api
API,open-mistral-nemo,N/A,7,CO2eq,0.0,mistral_api
API,open-mistral-nemo,N/A,8,CO2eq,0.0,mistral_api
API,open-mistral-nemo,N/A,9,CO2eq,0.0,mistral_api
API,open-mistral-nemo,N/A,10,CO2eq,0.0,mistral_api
API,open-mistral-nemo,N/A,1,Distance,0.0,mistral_api
API,open-mistral-nemo,N/A,2,Distance,0.0,mistral_api
API,open-mistral-nemo,N/A,3,Distance,0.0,mistral_api
API,open-mistral-nemo,N/A,4,Distance,0.0,mistral_api
API,open-mistral-nemo,N/A,5,Distance,0.0,mistral_api
API,open-mistral-nemo,N/A,6,Distance,0.0,mistral_api
API,open-mistral-nemo,N/A,7,Distance,0.0,mistral_api
API,open-mistral-nemo,N/A,8,Distance,0.0,mistral_api
API,open-mistral-nemo,N/A,9,Distance,0.0,mistral_api
API,open-mistral-nemo,N/A,10,Distance,0.0,mistral_api
API,open-mistral-nemo,N/A,1,Energy,0.0,mistral_api
API,open-mistral-nemo,N/A,2,Energy,0.0,mistral_api
API,open-mistral-nemo,N/A,3,Energy,0.0,mistral_api
API,open-mistral-nemo,N/A,4,Energy,0.0,mistral_api
API,open-mistral-nemo,N/A,5,Energy,0.0,mistral_api
API,open-mistral-nemo,N/A,6,Energy,0.0,mistral_api
API,open-mistral-nemo,N/A,7,Energy,0.0,mistral_api
API,open-mistral-nemo,N/A,8,Energy,0.0,mistral_api
API,open-mistral-nemo,N/A,9,Energy,0.0,mistral_api
API,open-mistral-nemo,N/A,10,Energy,0.0,mistral_api
API,open-mistral-nemo,N/A,1,Time,00:22:28,mistral_api
API,open-mistral-nemo,N/A,2,Time,00:24:24,mistral_api
API,open-mistral-nemo,N/A,3,Time,00:24:23,mistral_api
API,open-mistral-nemo,N/A,4,Time,00:22:13,mistral_api
API,open-mistral-nemo,N/A,5,Time,00:23:39,mistral_api
API,open-mistral-nemo,N/A,6,Time,00:17:53,mistral_api
API,open-mistral-nemo,N/A,7,Time,00:19:10,mistral_api
API,open-mistral-nemo,N/A,8,Time,00:19:06,mistral_api
API,open-mistral-nemo,N/A,9,Time,00:18:28,mistral_api
API,open-mistral-nemo,N/A,10,Time,00:18:11,mistral_api
API,pixtral-12b-2409,N/A,1,CO2eq,0.0,mistral_api
API,pixtral-12b-2409,N/A,2,CO2eq,0.0,mistral_api
API,pixtral-12b-2409,N/A,3,CO2eq,0.0,mistral_api
API,pixtral-12b-2409,N/A,4,CO2eq,0.0,mistral_api
API,pixtral-12b-2409,N/A,5,CO2eq,0.0,mistral_api
API,pixtral-12b-2409,N/A,6,CO2eq,0.0,mistral_api
API,pixtral-12b-2409,N/A,7,CO2eq,0.0,mistral_api
API,pixtral-12b-2409,N/A,8,CO2eq,0.0,mistral_api
API,pixtral-12b-2409,N/A,9,CO2eq,0.0,mistral_api
API,pixtral-12b-2409,N/A,10,CO2eq,0.0,mistral_api
API,pixtral-12b-2409,N/A,1,Distance,0.0,mistral_api
API,pixtral-12b-2409,N/A,2,Distance,0.0,mistral_api
API,pixtral-12b-2409,N/A,3,Distance,0.0,mistral_api
API,pixtral-12b-2409,N/A,4,Distance,0.0,mistral_api
API,pixtral-12b-2409,N/A,5,Distance,0.0,mistral_api
API,pixtral-12b-2409,N/A,6,Distance,0.0,mistral_api
API,pixtral-12b-2409,N/A,7,Distance,0.0,mistral_api
API,pixtral-12b-2409,N/A,8,Distance,0.0,mistral_api
API,pixtral-12b-2409,N/A,9,Distance,0.0,mistral_api
API,pixtral-12b-2409,N/A,10,Distance,0.0,mistral_api
API,pixtral-12b-2409,N/A,1,Energy,0.0,mistral_api
API,pixtral-12b-2409,N/A,2,Energy,0.0,mistral_api
API,pixtral-12b-2409,N/A,3,Energy,0.0,mistral_api
API,pixtral-12b-2409,N/A,4,Energy,0.0,mistral_api
API,pixtral-12b-2409,N/A,5,Energy,0.0,mistral_api
API,pixtral-12b-2409,N/A,6,Energy,0.0,mistral_api
API,pixtral-12b-2409,N/A,7,Energy,0.0,mistral_api
API,pixtral-12b-2409,N/A,8,Energy,0.0,mistral_api
API,pixtral-12b-2409,N/A,9,Energy,0.0,mistral_api
API,pixtral-12b-2409,N/A,10,Energy,0.0,mistral_api
API,pixtral-12b-2409,N/A,1,Time,00:16:20,mistral_api
API,pixtral-12b-2409,N/A,2,Time,00:16:29,mistral_api
API,pixtral-12b-2409,N/A,3,Time,00:16:46,mistral_api
API,pixtral-12b-2409,N/A,4,Time,00:16:42,mistral_api
API,pixtral-12b-2409,N/A,5,Time,00:15:53,mistral_api
API,pixtral-12b-2409,N/A,6,Time,00:15:00,mistral_api
API,pixtral-12b-2409,N/A,7,Time,00:14:55,mistral_api
API,pixtral-12b-2409,N/A,8,Time,00:15:52,mistral_api
API,pixtral-12b-2409,N/A,9,Time,00:15:37,mistral_api
API,pixtral-12b-2409,N/A,10,Time,00:15:50,mistral_api
Paid-API,open-mistral-7b,N/A,1,CO2eq,0.0,mistral_paid_api
Paid-API,open-mistral-7b,N/A,2,CO2eq,0.0,mistral_paid_api
Paid-API,open-mistral-7b,N/A,3,CO2eq,0.0,mistral_paid_api
Paid-API,open-mistral-7b,N/A,4,CO2eq,0.0,mistral_paid_api
Paid-API,open-mistral-7b,N/A,5,CO2eq,0.0,mistral_paid_api
Paid-API,open-mistral-7b,N/A,6,CO2eq,0.0,mistral_paid_api
Paid-API,open-mistral-7b,N/A,7,CO2eq,0.0,mistral_paid_api
Paid-API,open-mistral-7b,N/A,8,CO2eq,0.0,mistral_paid_api
Paid-API,open-mistral-7b,N/A,9,CO2eq,0.0,mistral_paid_api
Paid-API,open-mistral-7b,N/A,10,CO2eq,0.0,mistral_paid_api
Paid-API,open-mistral-7b,N/A,1,Distance,0.0,mistral_paid_api
Paid-API,open-mistral-7b,N/A,2,Distance,0.0,mistral_paid_api
Paid-API,open-mistral-7b,N/A,3,Distance,0.0,mistral_paid_api
Paid-API,open-mistral-7b,N/A,4,Distance,0.0,mistral_paid_api
Paid-API,open-mistral-7b,N/A,5,Distance,0.0,mistral_paid_api
Paid-API,open-mistral-7b,N/A,6,Distance,0.0,mistral_paid_api
Paid-API,open-mistral-7b,N/A,7,Distance,0.0,mistral_paid_api
Paid-API,open-mistral-7b,N/A,8,Distance,0.0,mistral_paid_api
Paid-API,open-mistral-7b,N/A,9,Distance,0.0,mistral_paid_api
Paid-API,open-mistral-7b,N/A,10,Distance,0.0,mistral_paid_api
Paid-API,open-mistral-7b,N/A,1,Energy,0.0,mistral_paid_api
Paid-API,open-mistral-7b,N/A,2,Energy,0.0,mistral_paid_api
Paid-API,open-mistral-7b,N/A,3,Energy,0.0,mistral_paid_api
Paid-API,open-mistral-7b,N/A,4,Energy,0.0,mistral_paid_api
Paid-API,open-mistral-7b,N/A,5,Energy,0.0,mistral_paid_api
Paid-API,open-mistral-7b,N/A,6,Energy,0.0,mistral_paid_api
Paid-API,open-mistral-7b,N/A,7,Energy,0.0,mistral_paid_api
Paid-API,open-mistral-7b,N/A,8,Energy,0.0,mistral_paid_api
Paid-API,open-mistral-7b,N/A,9,Energy,0.0,mistral_paid_api
Paid-API,open-mistral-7b,N/A,10,Energy,0.0,mistral_paid_api
Paid-API,open-mistral-7b,N/A,1,Time,00:12:57,mistral_paid_api
Paid-API,open-mistral-7b,N/A,2,Time,00:12:07,mistral_paid_api
Paid-API,open-mistral-7b,N/A,3,Time,00:11:47,mistral_paid_api
Paid-API,open-mistral-7b,N/A,4,Time,00:12:28,mistral_paid_api
Paid-API,open-mistral-7b,N/A,5,Time,00:11:39,mistral_paid_api
Paid-API,open-mistral-7b,N/A,6,Time,00:12:26,mistral_paid_api
Paid-API,open-mistral-7b,N/A,7,Time,00:12:06,mistral_paid_api
Paid-API,open-mistral-7b,N/A,8,Time,00:12:33,mistral_paid_api
Paid-API,open-mistral-7b,N/A,9,Time,00:11:46,mistral_paid_api
Paid-API,open-mistral-7b,N/A,10,Time,00:11:24,mistral_paid_api
Paid-API,open-mistral-nemo,N/A,1,CO2eq,0.0,mistral_paid_api
Paid-API,open-mistral-nemo,N/A,2,CO2eq,0.0,mistral_paid_api
Paid-API,open-mistral-nemo,N/A,3,CO2eq,0.0,mistral_paid_api
Paid-API,open-mistral-nemo,N/A,4,CO2eq,0.0,mistral_paid_api
Paid-API,open-mistral-nemo,N/A,5,CO2eq,0.0,mistral_paid_api
Paid-API,open-mistral-nemo,N/A,6,CO2eq,0.0,mistral_paid_api
Paid-API,open-mistral-nemo,N/A,7,CO2eq,0.0,mistral_paid_api
Paid-API,open-mistral-nemo,N/A,8,CO2eq,0.0,mistral_paid_api
Paid-API,open-mistral-nemo,N/A,9,CO2eq,0.0,mistral_paid_api
Paid-API,open-mistral-nemo,N/A,10,CO2eq,0.0,mistral_paid_api
Paid-API,open-mistral-nemo,N/A,1,Distance,0.0,mistral_paid_api
Paid-API,open-mistral-nemo,N/A,2,Distance,0.0,mistral_paid_api
Paid-API,open-mistral-nemo,N/A,3,Distance,0.0,mistral_paid_api
Paid-API,open-mistral-nemo,N/A,4,Distance,0.0,mistral_paid_api
Paid-API,open-mistral-nemo,N/A,5,Distance,0.0,mistral_paid_api
Paid-API,open-mistral-nemo,N/A,6,Distance,0.0,mistral_paid_api
Paid-API,open-mistral-nemo,N/A,7,Distance,0.0,mistral_paid_api
Paid-API,open-mistral-nemo,N/A,8,Distance,0.0,mistral_paid_api
Paid-API,open-mistral-nemo,N/A,9,Distance,0.0,mistral_paid_api
Paid-API,open-mistral-nemo,N/A,10,Distance,0.0,mistral_paid_api
Paid-API,open-mistral-nemo,N/A,1,Energy,0.0,mistral_paid_api
Paid-API,open-mistral-nemo,N/A,2,Energy,0.0,mistral_paid_api
Paid-API,open-mistral-nemo,N/A,3,Energy,0.0,mistral_paid_api
Paid-API,open-mistral-nemo,N/A,4,Energy,0.0,mistral_paid_api
Paid-API,open-mistral-nemo,N/A,5,Energy,0.0,mistral_paid_api
Paid-API,open-mistral-nemo,N/A,6,Energy,0.0,mistral_paid_api
Paid-API,open-mistral-nemo,N/A,7,Energy,0.0,mistral_paid_api
Paid-API,open-mistral-nemo,N/A,8,Energy,0.0,mistral_paid_api
Paid-API,open-mistral-nemo,N/A,9,Energy,0.0,mistral_paid_api
Paid-API,open-mistral-nemo,N/A,10,Energy,0.0,mistral_paid_api
Paid-API,open-mistral-nemo,N/A,1,Time,00:18:50,mistral_paid_api
Paid-API,open-mistral-nemo,N/A,2,Time,00:19:22,mistral_paid_api
Paid-API,open-mistral-nemo,N/A,3,Time,00:19:25,mistral_paid_api
Paid-API,open-mistral-nemo,N/A,4,Time,00:19:19,mistral_paid_api
Paid-API,open-mistral-nemo,N/A,5,Time,00:19:35,mistral_paid_api
Paid-API,open-mistral-nemo,N/A,6,Time,00:18:20,mistral_paid_api
Paid-API,open-mistral-nemo,N/A,7,Time,00:19:50,mistral_paid_api
Paid-API,open-mistral-nemo,N/A,8,Time,00:18:46,mistral_paid_api
Paid-API,open-mistral-nemo,N/A,9,Time,00:19:59,mistral_paid_api
Paid-API,open-mistral-nemo,N/A,10,Time,00:19:41,mistral_paid_api
API,gpt-3.5-turbo,N/A,1,CO2eq,0.0,openai_api
API,gpt-3.5-turbo,N/A,2,CO2eq,0.0,openai_api
API,gpt-3.5-turbo,N/A,3,CO2eq,0.0,openai_api
API,gpt-3.5-turbo,N/A,4,CO2eq,0.0,openai_api
API,gpt-3.5-turbo,N/A,5,CO2eq,0.0,openai_api
API,gpt-3.5-turbo,N/A,6,CO2eq,0.0,openai_api
API,gpt-3.5-turbo,N/A,7,CO2eq,0.0,openai_api
API,gpt-3.5-turbo,N/A,8,CO2eq,0.0,openai_api
API,gpt-3.5-turbo,N/A,9,CO2eq,0.0,openai_api
API,gpt-3.5-turbo,N/A,10,CO2eq,0.0,openai_api
API,gpt-3.5-turbo,N/A,1,Distance,0.0,openai_api
API,gpt-3.5-turbo,N/A,2,Distance,0.0,openai_api
API,gpt-3.5-turbo,N/A,3,Distance,0.0,openai_api
API,gpt-3.5-turbo,N/A,4,Distance,0.0,openai_api
API,gpt-3.5-turbo,N/A,5,Distance,0.0,openai_api
API,gpt-3.5-turbo,N/A,6,Distance,0.0,openai_api
API,gpt-3.5-turbo,N/A,7,Distance,0.0,openai_api
API,gpt-3.5-turbo,N/A,8,Distance,0.0,openai_api
API,gpt-3.5-turbo,N/A,9,Distance,0.0,openai_api
API,gpt-3.5-turbo,N/A,10,Distance,0.0,openai_api
API,gpt-3.5-turbo,N/A,1,Energy,0.0,openai_api
API,gpt-3.5-turbo,N/A,2,Energy,0.0,openai_api
API,gpt-3.5-turbo,N/A,3,Energy,0.0,openai_api
API,gpt-3.5-turbo,N/A,4,Energy,0.0,openai_api
API,gpt-3.5-turbo,N/A,5,Energy,0.0,openai_api
API,gpt-3.5-turbo,N/A,6,Energy,0.0,openai_api
API,gpt-3.5-turbo,N/A,7,Energy,0.0,openai_api
API,gpt-3.5-turbo,N/A,8,Energy,0.0,openai_api
API,gpt-3.5-turbo,N/A,9,Energy,0.0,openai_api
API,gpt-3.5-turbo,N/A,10,Energy,0.0,openai_api
API,gpt-3.5-turbo,N/A,1,Time,00:03:05,openai_api
API,gpt-3.5-turbo,N/A,2,Time,00:04:03,openai_api
API,gpt-3.5-turbo,N/A,3,Time,00:03:03,openai_api
API,gpt-3.5-turbo,N/A,4,Time,00:03:03,openai_api
API,gpt-3.5-turbo,N/A,5,Time,00:03:03,openai_api
API,gpt-3.5-turbo,N/A,6,Time,00:03:04,openai_api
API,gpt-3.5-turbo,N/A,7,Time,00:19:07,openai_api
API,gpt-3.5-turbo,N/A,8,Time,00:04:03,openai_api
API,gpt-3.5-turbo,N/A,9,Time,00:04:03,openai_api
API,gpt-3.5-turbo,N/A,10,Time,00:03:04,openai_api
API,gpt-4-turbo,N/A,1,CO2eq,0.0,openai_api
API,gpt-4-turbo,N/A,2,CO2eq,0.0,openai_api
API,gpt-4-turbo,N/A,3,CO2eq,0.0,openai_api
API,gpt-4-turbo,N/A,4,CO2eq,0.0,openai_api
API,gpt-4-turbo,N/A,5,CO2eq,0.0,openai_api
API,gpt-4-turbo,N/A,6,CO2eq,0.0,openai_api
API,gpt-4-turbo,N/A,7,CO2eq,0.0,openai_api
API,gpt-4-turbo,N/A,8,CO2eq,0.0,openai_api
API,gpt-4-turbo,N/A,9,CO2eq,0.0,openai_api
API,gpt-4-turbo,N/A,10,CO2eq,0.0,openai_api
API,gpt-4-turbo,N/A,1,Distance,0.0,openai_api
API,gpt-4-turbo,N/A,2,Distance,0.0,openai_api
API,gpt-4-turbo,N/A,3,Distance,0.0,openai_api
API,gpt-4-turbo,N/A,4,Distance,0.0,openai_api
API,gpt-4-turbo,N/A,5,Distance,0.0,openai_api
API,gpt-4-turbo,N/A,6,Distance,0.0,openai_api
API,gpt-4-turbo,N/A,7,Distance,0.0,openai_api
API,gpt-4-turbo,N/A,8,Distance,0.0,openai_api
API,gpt-4-turbo,N/A,9,Distance,0.0,openai_api
API,gpt-4-turbo,N/A,10,Distance,0.0,openai_api
API,gpt-4-turbo,N/A,1,Energy,0.0,openai_api
API,gpt-4-turbo,N/A,2,Energy,0.0,openai_api
API,gpt-4-turbo,N/A,3,Energy,0.0,openai_api
API,gpt-4-turbo,N/A,4,Energy,0.0,openai_api
API,gpt-4-turbo,N/A,5,Energy,0.0,openai_api
API,gpt-4-turbo,N/A,6,Energy,0.0,openai_api
API,gpt-4-turbo,N/A,7,Energy,0.0,openai_api
API,gpt-4-turbo,N/A,8,Energy,0.0,openai_api
API,gpt-4-turbo,N/A,9,Energy,0.0,openai_api
API,gpt-4-turbo,N/A,10,Energy,0.0,openai_api
API,gpt-4-turbo,N/A,1,Time,00:04:06,openai_api
API,gpt-4-turbo,N/A,2,Time,00:05:03,openai_api
API,gpt-4-turbo,N/A,3,Time,00:04:03,openai_api
API,gpt-4-turbo,N/A,4,Time,00:06:04,openai_api
API,gpt-4-turbo,N/A,5,Time,00:05:03,openai_api
API,gpt-4-turbo,N/A,6,Time,00:05:05,openai_api
API,gpt-4-turbo,N/A,7,Time,00:05:04,openai_api
API,gpt-4-turbo,N/A,8,Time,00:17:07,openai_api
API,gpt-4-turbo,N/A,9,Time,00:06:03,openai_api
API,gpt-4-turbo,N/A,10,Time,00:06:04,openai_api
API,gpt-4o,N/A,1,CO2eq,0.0,openai_api
API,gpt-4o,N/A,2,CO2eq,0.0,openai_api
API,gpt-4o,N/A,3,CO2eq,0.0,openai_api
API,gpt-4o,N/A,4,CO2eq,0.0,openai_api
API,gpt-4o,N/A,5,CO2eq,0.0,openai_api
API,gpt-4o,N/A,6,CO2eq,0.0,openai_api
API,gpt-4o,N/A,7,CO2eq,0.0,openai_api
API,gpt-4o,N/A,8,CO2eq,0.0,openai_api
API,gpt-4o,N/A,9,CO2eq,0.0,openai_api
API,gpt-4o,N/A,10,CO2eq,0.0,openai_api
API,gpt-4o,N/A,1,Distance,0.0,openai_api
API,gpt-4o,N/A,2,Distance,0.0,openai_api
API,gpt-4o,N/A,3,Distance,0.0,openai_api
API,gpt-4o,N/A,4,Distance,0.0,openai_api
API,gpt-4o,N/A,5,Distance,0.0,openai_api
API,gpt-4o,N/A,6,Distance,0.0,openai_api
API,gpt-4o,N/A,7,Distance,0.0,openai_api
API,gpt-4o,N/A,8,Distance,0.0,openai_api
API,gpt-4o,N/A,9,Distance,0.0,openai_api
API,gpt-4o,N/A,10,Distance,0.0,openai_api
API,gpt-4o,N/A,1,Energy,0.0,openai_api
API,gpt-4o,N/A,2,Energy,0.0,openai_api
API,gpt-4o,N/A,3,Energy,0.0,openai_api
API,gpt-4o,N/A,4,Energy,0.0,openai_api
API,gpt-4o,N/A,5,Energy,0.0,openai_api
API,gpt-4o,N/A,6,Energy,0.0,openai_api
API,gpt-4o,N/A,7,Energy,0.0,openai_api
API,gpt-4o,N/A,8,Energy,0.0,openai_api
API,gpt-4o,N/A,9,Energy,0.0,openai_api
API,gpt-4o,N/A,10,Energy,0.0,openai_api
API,gpt-4o,N/A,1,Time,00:06:08,openai_api
API,gpt-4o,N/A,2,Time,00:04:05,openai_api
API,gpt-4o,N/A,3,Time,00:04:03,openai_api
API,gpt-4o,N/A,4,Time,00:04:04,openai_api
API,gpt-4o,N/A,5,Time,00:04:03,openai_api
API,gpt-4o,N/A,6,Time,00:05:05,openai_api
API,gpt-4o,N/A,7,Time,00:07:04,openai_api
API,gpt-4o,N/A,8,Time,00:05:03,openai_api
API,gpt-4o,N/A,9,Time,00:05:03,openai_api
API,gpt-4o,N/A,10,Time,00:06:04,openai_api
API,gpt-4o-mini,N/A,1,CO2eq,0.0,openai_api
API,gpt-4o-mini,N/A,2,CO2eq,0.0,openai_api
API,gpt-4o-mini,N/A,3,CO2eq,0.0,openai_api
API,gpt-4o-mini,N/A,4,CO2eq,0.0,openai_api
API,gpt-4o-mini,N/A,5,CO2eq,0.0,openai_api
API,gpt-4o-mini,N/A,6,CO2eq,0.0,openai_api
API,gpt-4o-mini,N/A,7,CO2eq,0.0,openai_api
API,gpt-4o-mini,N/A,8,CO2eq,0.0,openai_api
API,gpt-4o-mini,N/A,9,CO2eq,0.0,openai_api
API,gpt-4o-mini,N/A,10,CO2eq,0.0,openai_api
API,gpt-4o-mini,N/A,1,Distance,0.0,openai_api
API,gpt-4o-mini,N/A,2,Distance,0.0,openai_api
API,gpt-4o-mini,N/A,3,Distance,0.0,openai_api
API,gpt-4o-mini,N/A,4,Distance,0.0,openai_api
API,gpt-4o-mini,N/A,5,Distance,0.0,openai_api
API,gpt-4o-mini,N/A,6,Distance,0.0,openai_api
API,gpt-4o-mini,N/A,7,Distance,0.0,openai_api
API,gpt-4o-mini,N/A,8,Distance,0.0,openai_api
API,gpt-4o-mini,N/A,9,Distance,0.0,openai_api
API,gpt-4o-mini,N/A,10,Distance,0.0,openai_api
API,gpt-4o-mini,N/A,1,Energy,0.0,openai_api
API,gpt-4o-mini,N/A,2,Energy,0.0,openai_api
API,gpt-4o-mini,N/A,3,Energy,0.0,openai_api
API,gpt-4o-mini,N/A,4,Energy,0.0,openai_api
API,gpt-4o-mini,N/A,5,Energy,0.0,openai_api
API,gpt-4o-mini,N/A,6,Energy,0.0,openai_api
API,gpt-4o-mini,N/A,7,Energy,0.0,openai_api
API,gpt-4o-mini,N/A,8,Energy,0.0,openai_api
API,gpt-4o-mini,N/A,9,Energy,0.0,openai_api
API,gpt-4o-mini,N/A,10,Energy,0.0,openai_api
API,gpt-4o-mini,N/A,1,Time,00:04:08,openai_api
API,gpt-4o-mini,N/A,2,Time,00:04:04,openai_api
API,gpt-4o-mini,N/A,3,Time,00:04:04,openai_api
API,gpt-4o-mini,N/A,4,Time,00:04:03,openai_api
API,gpt-4o-mini,N/A,5,Time,00:03:03,openai_api
API,gpt-4o-mini,N/A,6,Time,00:05:05,openai_api
API,gpt-4o-mini,N/A,7,Time,00:17:09,openai_api
API,gpt-4o-mini,N/A,8,Time,00:16:07,openai_api
API,gpt-4o-mini,N/A,9,Time,00:03:03,openai_api
API,gpt-4o-mini,N/A,10,Time,00:03:03,openai_api
